"","tt0009201","Hotel De Mutt","1918","Movie","Animation, Comedy, Short","USA","Bud Fisher","N/A","N/A","2022/04/08"
"","tt0009202","The House of Glass","1918","Movie","Drama","United States","Emile Chautard","N/A","N/A","2022/04/08"
"","tt0009203","The House of Gold","1918","Movie","Drama","United States","Edwin Carewe","N/A","N/A","2022/04/08"
"","tt0009204","The House of Hate","1918","Movie","Action","United States","George B. Seitz","6.8","27","2022/04/08"
"","tt0009205","The House of Mirth","1918","Movie","Drama","United States","Albert Capellani","7.2","22","2022/04/08"
"","tt0009206","The House of Silence","1918","Movie","Mystery","United States","Donald Crisp","N/A","N/A","2022/04/08"
"","tt0009207","How Could You, Caroline?","1918","Movie","Comedy, Drama","United States","Frederick A. Thomson","N/A","N/A","2022/04/08"
"","tt0009208","How Could You, Jean?","1918","Movie","Comedy, Drama","United States","William Desmond Taylor","N/A","N/A","2022/04/08"
"","tt0009209","Huck and Tom","1918","Movie","Comedy, Drama","United States","William Desmond Taylor","7.0","31","2022/04/08"
"","tt0009210","Hugon, the Mighty","1918","Movie","Drama","United States","Rollin S. Sturgeon","N/A","N/A","2022/04/08"
"","tt0009211","Humdrum Brown","1918","Movie","Comedy, Drama","United States","Rex Ingram","N/A","N/A","2022/04/08"
"","tt0009212","The Hun Within","1918","Movie","Drama, Thriller, War","USA","Chester Withey","6.0","6","2022/04/08"
"","tt0009213","Hungry Eyes","1918","Movie","Western","United States","Rupert Julian","N/A","N/A","2022/04/08"
"","tt0009214","Huns and Hyphens","1918","Movie","Comedy, Short","United States","Larry Semon","5.9","83","2022/04/08"
"","tt0009215","Hunting Big Game in the North","1918","Movie","Documentary","USA","N/A","N/A","N/A","2022/04/08"
"","tt0009216","Hunting the U-Boats","1918","Movie","Animation, Comedy, Short","USA","Bud Fisher","N/A","N/A","2022/04/08"
"","tt0009217","I Love You","1918","Movie","Drama","USA","Walter Edwards","N/A","N/A","2022/04/08"
"","tt0009218","I Want to Forget","1918","Movie","Drama","USA","James Kirkwood","N/A","N/A","2022/04/08"
"","tt0009219","I'll Say So","1918","Movie","Comedy, War","United States","Raoul Walsh","N/A","N/A","2022/04/08"
"","tt0009220","Ikarus, der fliegende Mensch","1919","Movie","N/A","Germany","Carl Froelich","6.6","15","2022/04/08"
"","tt0009221","Impossible Susan","1918","Movie","Comedy, Drama","USA","Lloyd Ingraham","N/A","N/A","2022/04/08"
"","tt0009222","The Impostor","1918","Movie","Comedy, Drama","United States","George Abbott, Dell Henderson","N/A","N/A","2022/04/08"
"","tt0009223","In Judgment of...","1918","Movie","Drama","United States","George D. Baker, Will S. Davis","N/A","N/A","2022/04/08"
"","tt0009224","In Pursuit of Polly","1918","Movie","Comedy, Drama","United States","Chester Withey","N/A","N/A","2022/04/08"
"","tt0009225","In the Hollow of Her Hand","1918","Movie","Drama, Mystery","USA","Charles Maigne","N/A","N/A","2022/04/08"
"","tt0009226","In the Silver Country","1918","Movie","Documentary","USA","George D. Wright","N/A","N/A","2022/04/08"
"","tt0009227","Independence, B'Gosh","1918","Movie","Comedy, Short","United States","James Montgomery Flagg","N/A","N/A","2022/04/08"
"","tt0009228","Innocent's Progress","1918","Movie","Drama","USA","Frank Borzage","N/A","N/A","2022/04/08"
"","tt0009229","Inside the Lines","1918","Movie","Drama, War","N/A","David Hartford","N/A","N/A","2022/04/08"
"","tt0009230","Los intereses creados","1919","Movie","Comedy","Spain","Jacinto Benavente, Ricardo Puga","N/A","N/A","2022/04/08"
"","tt0009231","The Interloper","1918","Movie","Drama","USA","Oscar Apfel","N/A","N/A","2022/04/08"
"","tt0009232","The Invasion of Britain","1918","Movie","N/A","United Kingdom","Herbert Brenon","N/A","N/A","2022/04/08"
"","tt0009233","The Iron Test","1918","Movie","Action, Adventure","USA","Robert N. Bradbury, Paul Hurst","5.4","9","2022/04/08"
"","tt0009234","It's a Wild Life","1918","Movie","Short, Comedy","United States","Gilbert Pratt","5.5","28","2022/04/08"
"","tt0009235","Italy's Flaming Front","1918","Movie","Drama, War","Italy","N/A","N/A","N/A","2022/04/08"
"","tt0009236","Jack Spurlock, Prodigal","1918","Movie","Comedy","United States","Carl Harbaugh","N/A","N/A","2022/04/08"
"","tt0009237","A Japanese Nightingale","1918","Movie","Drama","United States","George Fitzmaurice","N/A","N/A","2022/04/08"
"","tt0009238","Jettchen Gebert's Story","1918","Movie","N/A","Germany","Richard Oswald","N/A","N/A","2022/04/08"
"","tt0009239","Jilted Janet","1918","Movie","Comedy","United States","Lloyd Ingraham","N/A","N/A","2022/04/08"
"","tt0009240","Joan of Plattsburg","1918","Movie","Comedy, Drama","United States","William Humphrey, George Loane Tucker","5.4","43","2022/04/08"
"","tt0009241","Johanna Enlists","1918","Movie","Comedy, Romance","United States","William Desmond Taylor","5.2","630","2022/04/08"
"","tt0009242","Joining the Tanks","1918","Movie","Animation, Comedy, Short","United States","Bud Fisher","N/A","N/A","2022/04/08"
"","tt0009243","Journey's End","1918","Movie","Comedy, Drama","USA","Travers Vale","N/A","N/A","2022/04/08"
"","tt0009244","Jules of the Strong Heart","1918","Movie","Drama","USA","Donald Crisp","N/A","N/A","2022/04/08"
"","tt0009245","Just Peggy","1918","Movie","N/A","Australia","J.A. Lipman","N/A","N/A","2022/04/08"
"","tt0009246","Just Rambling Along","1918","Movie","Short, Comedy","United States","Hal Roach","5.7","295","2022/04/08"
"","tt0009247","Júdás","1918","Movie","Drama","Hungary","Michael Curtiz","N/A","20","2022/04/08"
"","tt0009248","Kaieteur, the Perfect Cataract","1918","Movie","Documentary, Short","USA","C.L. Chester","N/A","N/A","2022/04/08"
"","tt0009249","Kaiser's Finish","1918","Movie","Drama, War","United States","Jack Harvey, Cliff Saum","4.0","20","2022/04/08"
"","tt0009250","The Kaiser's New Dentist","1918","Movie","Animation, Comedy, Short","USA","Bud Fisher","N/A","N/A","2022/04/08"
"","tt0009251","The Kaiser's Shadow","1918","Movie","Drama, War","USA","Roy William Neill","N/A","N/A","2022/04/08"
"","tt0009252","The Kaiser, the Beast of Berlin","1918","Movie","Drama, History, War","United States","Rupert Julian","5.6","38","2022/04/08"
"","tt0009253","Keimendes Leben, Teil 1","1918","Movie","N/A","Germany","Georg Jacoby","N/A","N/A","2022/04/08"
"","tt0009254","The Key to Power","1920","Movie","Drama","USA","William Parke, Frederick A. Thomson","N/A","N/A","2022/04/08"
"","tt0009255","Kicked Out","1918","Movie","Short, Comedy","United States","Alfred J. Goulding","N/A","N/A","2022/04/08"
"","tt0009256","Kicking the Germ Out of Germany","1918","Movie","Comedy, Short","United States","Alfred J. Goulding","N/A","N/A","2022/04/08"
"","tt0009257","The Kid Is Clever","1918","Movie","Adventure, Comedy","USA","Paul Powell","N/A","N/A","2022/04/08"
"","tt0009258","Kidder and Ko","1918","Movie","Comedy","United States","Richard Foster Baker","N/A","N/A","2022/04/08"
"","tt0009259","Kids","1918","Movie","Comedy, Short","USA","Al Christie","4.1","7","2022/04/08"
"","tt0009260","Kilauea: The Hawaiian Volcano","1918","Movie","Documentary, Short","USA","N/A","N/A","N/A","2022/04/08"
"","tt0009261","Kildare of Storm","1918","Movie","Drama","N/A","Harry L. Franklin","N/A","N/A","2022/04/08"
"","tt0009262","King Social Briars","1918","Movie","N/A","USA","Henry King","N/A","N/A","2022/04/08"
"","tt0009263","","","","","","","","","2022/04/08"
"","tt0009264","The Kingdom of Youth","1918","Movie","Comedy, Drama","USA","Clarence G. Badger","N/A","N/A","2022/04/08"
"","tt0009265","Kiss or Kill","1918","Movie","Crime, Drama","USA","Elmer Clifton","N/A","N/A","2022/04/08"
"","tt0009266","The Kitchen Lady","1918","Movie","Short, Comedy","United States","Edward F. Cline","N/A","N/A","2022/04/08"
"","tt0009267","The Knife","1918","Movie","Drama, Thriller","United States","Robert G. Vignola","5.0","8","2022/04/08"
"","tt0009268","Know Your Neighbor","1918","Movie","Short, Comedy","N/A","Al Christie","N/A","N/A","2022/04/08"
"","tt0009269","De kroon der schande","1918","Movie","N/A","Netherlands","Maurits Binger","N/A","N/A","2022/04/08"
"","tt0009270","Kultur","1918","Movie","Drama, War","USA","Edward LeSaint","N/A","N/A","2022/04/08"
"","tt0009271","Károly bakák","1918","Movie","N/A","N/A","Zoltan Korda, M. Miklós Pásztory","N/A","N/A","2022/04/08"
"","tt0009272","#DUPE#","1918","Movie","N/A","N/A","N/A","N/A","N/A","2022/04/08"
"","tt0009273","The Lady of the Dugout","1918","Movie","Western","United States","W.S. Van Dyke","6.5","82","2022/04/08"
"","tt0009274","A Lady's Name","1918","Movie","Comedy, Romance","United States","Walter Edwards","N/A","N/A","2022/04/08"
"","tt0009275","Lafayette, We Come","1918","Movie","Drama, Romance, War","United States","Léonce Perret","N/A","N/A","2022/04/08"
"","tt0009276","The Lamb","1918","Movie","Short, Comedy","USA","Harold Lloyd, Gilbert Pratt","N/A","N/A","2022/04/08"
"","tt0009277","Landing a Spy","1918","Movie","Animation, Comedy, Short","N/A","Bud Fisher","N/A","N/A","2022/04/08"
"","tt0009278","The Landloper","1918","Movie","Adventure, Romance","USA","George Irving","N/A","N/A","2022/04/08"
"","tt0009279","Laughing Bill Hyde","1918","Movie","Adventure, Comedy","United States","Hobart Henley","5.4","19","2022/04/08"
"","tt0009280","Lawless Love","1918","Movie","Comedy, Drama, Western","United States","Robert Thornby","N/A","N/A","2022/04/08"
"","tt0009281","Lead, Kindly Light","1918","Movie","Drama, Romance","UK","Rex Wilson","N/A","N/A","2022/04/08"
"","tt0009282","The Leak","1918","Movie","Animation, Comedy, Short","USA","Bud Fisher","N/A","N/A","2022/04/08"
"","tt0009283","Leap to Fame","1918","Movie","Drama","USA","Carlyle Blackwell","N/A","N/A","2022/04/08"
"","tt0009284","The Legion of Death","1918","Movie","Drama, History","United States","Tod Browning","N/A","N/A","2022/04/08"
"","tt0009285","Lend Me Your Name","1918","Movie","Comedy, Romance","USA","Fred J. Balshofer","N/A","N/A","2022/04/08"
"","tt0009286","The Leopard's Spots","1918","Movie","Short","United Kingdom","Cecil M. Hepworth","3.8","10","2022/04/08"
"","tt0009287","Less Than Kin","1918","Movie","Comedy, Romance","USA","Donald Crisp","N/A","N/A","2022/04/08"
"","tt0009288","The Lesson","1917","Movie","Drama, Romance","United States","Charles Giblyn","N/A","N/A","2022/04/08"
"","tt0009289","Lest We Forget","1918","Movie","Drama, War","United States","Léonce Perret","N/A","17","2022/04/08"
"","tt0009290","Let's Get a Divorce","1918","Movie","Comedy","United States","Charles Giblyn","N/A","N/A","2022/04/08"
"","tt0009291","Let's Go","1918","Movie","Short, Comedy","USA","Alfred J. Goulding","N/A","N/A","2022/04/08"
"","tt0009292","A leányasszony","1919","Movie","N/A","Hungary","Alfréd Deésy","N/A","N/A","2022/04/08"
"","tt0009293","The Liar","1918","Movie","Drama","United States","Edmund Lawrence","N/A","N/A","2022/04/08"
"","tt0009294","Liberty Bond Jimmy","1918","Movie","Short, Drama","USA","Edwin Carewe","N/A","N/A","2022/04/08"
"","tt0009295","The Lie","1918","Movie","Drama","USA","J. Searle Dawley","N/A","N/A","2022/04/08"
"","tt0009296","Die Liebe des Van Royk","1918","Movie","Drama","Germany","Lupu Pick","N/A","N/A","2022/04/08"
"","tt0009297","The Life Mask","1918","Movie","Mystery","USA","Frank Hall Crane","N/A","N/A","2022/04/08"
"","tt0009298","Life Savers","1918","Movie","Animation, Comedy, Short","USA","Bud Fisher","N/A","N/A","2022/04/08"
"","tt0009299","Life or Honor?","1918","Movie","Mystery","United States","Edmund Lawrence","N/A","N/A","2022/04/08"
"","tt0009300","The Light Within","1918","Movie","Drama","United States","Laurence Trimble","N/A","N/A","2022/04/08"
"","tt0009301","The Light of the Western Stars","1918","Movie","Western","USA","Charles Swickard","N/A","N/A","2022/04/08"
"","tt0009302","Lili","1918","Movie","Comedy","Hungary","Cornelius Hintner","7.2","5","2022/04/08"
"","tt0009303","Limousine Life","1918","Movie","Comedy","N/A","John Francis Dillon","N/A","N/A","2022/04/08"
"","tt0009304","The Lion's Claws","1918","Movie","Adventure, Action","United States","Harry Harvey, Jacques Jaccard","5.1","9","2022/04/08"
"","tt0009305","Little Miss Hoover","1918","Movie","Comedy, Romance","United States","John S. Robertson","6.1","24","2022/04/08"
"","tt0009306","Little Orphant Annie","1918","Movie","Drama","United States","Colin Campbell","7.1","43","2022/04/08"
"","tt0009307","Little Red Decides","1918","Movie","Drama","United States","Jack Conway","N/A","N/A","2022/04/08"
"","tt0009308","A Little Sister of Everybody","1918","Movie","Comedy, Drama","United States","Robert Thornby","N/A","N/A","2022/04/08"
"","tt0009309","Little Women","1918","Movie","Drama, Family, Romance","United States","Harley Knoles","6.7","52","2022/04/08"
"","tt0009310","#DUPE#","1914","Movie","N/A","N/A","N/A","N/A","N/A","2022/04/08"
"","tt0009311","","","","","","","","","2022/04/08"
"","tt0009312","Loaded Dice","1918","Movie","Drama","United States","Herbert Blaché","N/A","N/A","2022/04/08"
"","tt0009313","The Locked Heart","1918","Movie","Drama","USA","Henry King","N/A","N/A","2022/04/08"
"","tt0009314","Lodsens datter","1918","Movie","Drama, Short","Norway","Peter Lykke-Seest","N/A","N/A","2022/04/08"
"","tt0009315","#DUPE#","1915","Movie","N/A","N/A","N/A","N/A","N/A","2022/04/08"
"","tt0009316","Look Pleasant, Please","1918","Movie","Comedy, Short","United States","Alfred J. Goulding","6.5","186","2022/04/08"
"","tt0009317","A Lot of Bull","1918","Movie","Animation, Comedy, Short","USA","Bud Fisher","N/A","N/A","2022/04/08"
"","tt0009318","The Love Cheat","1919","Movie","Drama","N/A","George Archainbaud","N/A","N/A","2022/04/08"
"","tt0009319","Love Me","1918","Movie","Drama","USA","Roy William Neill","N/A","N/A","2022/04/08"
"","tt0009320","The Love Swindle","1918","Movie","Comedy, Drama","United States","John Francis Dillon","N/A","N/A","2022/04/08"
"","tt0009321","Love Watches","1918","Movie","Comedy, Drama","USA","Henry Houry","N/A","N/A","2022/04/08"
"","tt0009322","Lu, a kokott","1919","Movie","Drama","Hungary","Michael Curtiz","N/A","23","2022/04/08"
"","tt0009323","Lili","1918","Movie","Comedy","N/A","Cornelius Hintner","3.7","8","2022/04/08"
"","tt0009324","The Lure of Luxury","1918","Movie","Drama","United States","Elsie Jane Wilson","N/A","N/A","2022/04/08"
"","tt0009325","The Lure of the Circus","1918","Movie","Adventure, Action","United States","J.P. McGowan","6.0","31","2022/04/08"
"","tt0009326","M'Liss","1918","Movie","Comedy, Drama","United States","Marshall Neilan","6.5","146","2022/04/08"
"","tt0009327","Maciste sonnambulo","1918","Movie","N/A","Italy","N/A","N/A","N/A","2022/04/08"
"","tt0009328","Madam Who?","1918","Movie","Drama","United States","Reginald Barker","N/A","N/A","2022/04/08"
"","tt0009329","Madame Jealousy","1918","Movie","Drama","USA","Robert G. Vignola","N/A","N/A","2022/04/08"
"","tt0009330","Madame Sphinx","1918","Movie","Mystery","N/A","Thomas N. Heffron","N/A","N/A","2022/04/08"
"","tt0009331","Madame Spy","1918","Movie","Drama, Comedy","United States","Douglas Gerrard","N/A","N/A","2022/04/08"
"","tt0009332","The Magic Eye","1918","Movie","Family, Drama","United States","Rae Berger","N/A","N/A","2022/04/08"
"","tt0009333","Maid o' the Storm","1918","Movie","Drama","United States","Raymond B. West","N/A","N/A","2022/04/08"
"","tt0009334","The Make-Believe Wife","1918","Movie","Comedy","United States","John S. Robertson","6.6","18","2022/04/08"
"","tt0009335","The Making of a Sailor","1918","Movie","Documentary","USA","N/A","N/A","N/A","2022/04/08"
"","tt0009336","Mal de Espanha","1918","Movie","Comedy, Short","Portugal","José Leitão de Barros","N/A","N/A","2022/04/08"
"","tt0009337","Malmequer","1918","Movie","Short, Drama, History","Portugal","José Leitão de Barros","N/A","9","2022/04/08"
"","tt0009338","Mammon and the Archer","1918","Movie","Short, Drama","USA","Kenneth S. Webb","N/A","N/A","2022/04/08"
"","tt0009339","The Man from Funeral Range","1918","Movie","Western","United States","Walter Edwards","N/A","N/A","2022/04/08"
"","tt0009340","The Man Who Woke Up","1918","Movie","Drama","United States","James McLaughlin","N/A","N/A","2022/04/08"
"","tt0009341","The Man Who Won","1918","Movie","Romance","UK","Rex Wilson","N/A","N/A","2022/04/08"
"","tt0009342","The Man Who Wouldn't Tell","1918","Movie","Drama, War","N/A","James Young","N/A","N/A","2022/04/08"
"","tt0009343","The Man of Bronze","1918","Movie","N/A","USA","David Hartford","N/A","N/A","2022/04/08"
"","tt0009344","A Man's World","1918","Movie","Drama","USA","Herbert Blaché","N/A","N/A","2022/04/08"
"","tt0009345","Manobras do Campo Entrincheirado","1919","Movie","N/A","Portugal","N/A","N/A","N/A","2022/04/08"
"","tt0009346","The Mantle of Charity","1918","Movie","Comedy, Drama","USA","Edward Sloman","N/A","N/A","2022/04/08"
"","tt0009347","El manuscrito de una madre","1918","Movie","N/A","N/A","Alberto Marro","N/A","N/A","2022/04/08"
"","tt0009348","Marionetten","1915","Movie","N/A","Germany","Richard Löwenbein","N/A","N/A","2022/04/08"
"","tt0009349","The Marionettes","1918","Movie","Comedy","USA","Emile Chautard","N/A","N/A","2022/04/08"
"","tt0009350","Marked Cards","1918","Movie","Drama","United States","Henri D'Elba","N/A","N/A","2022/04/08"
"","tt0009351","Market Days and Festivals","1918","Movie","Documentary","USA","George D. Wright","N/A","N/A","2022/04/08"
"","tt0009352","Marriage","1918","Movie","Drama","USA","James Kirkwood","N/A","N/A","2022/04/08"
"","tt0009353","The Marriage Lie","1918","Movie","Drama","United States","Stuart Paton","N/A","N/A","2022/04/08"
"","tt0009354","The Marriage Ring","1918","Movie","Drama","USA","Fred Niblo","N/A","N/A","2022/04/08"
"","tt0009355","Marriages Are Made","1918","Movie","Comedy, Drama","N/A","Carl Harbaugh","N/A","N/A","2022/04/08"
"","tt0009356","The Married Virgin","1918","Movie","Drama","United States","Joseph Maxwell","5.3","659","2022/04/08"
"","tt0009357","Mary Ann","1919","Movie","N/A","Hungary","Alexander Korda","N/A","N/A","2022/04/08"
"","tt0009358","The Mask","1918","Movie","Comedy, Drama","United States","Thomas N. Heffron","6.3","16","2022/04/08"
"","tt0009359","Masks and Faces","1917","Movie","Comedy","United Kingdom","Fred Paul","5.5","30","2022/04/08"
"","tt0009360","Matching Billy","1918","Movie","Comedy, Short","USA","N/A","N/A","N/A","2022/04/08"
"","tt0009361","The Matinee Girl","1918","Movie","Short, Comedy","United States","Jack Eaton","N/A","N/A","2022/04/08"
"","tt0009362","The Mating","1918","Movie","Comedy, Drama","United States","Frederick A. Thomson","N/A","N/A","2022/04/08"
"","tt0009363","Meeting Theda Bara","1918","Movie","Animation, Comedy, Short","USA","Bud Fisher","N/A","N/A","2022/04/08"
"","tt0009364","The Menace","1918","Movie","Drama","USA","John S. Robertson","N/A","N/A","2022/04/08"
"","tt0009365","Merely Players","1918","Movie","Drama","United States","Oscar Apfel","N/A","N/A","2022/04/08"
"","tt0009366","Mexico Today","1918","Movie","Documentary","N/A","N/A","N/A","N/A","2022/04/08"
"","tt0009367","Mexico Today","1918","Movie","Documentary","USA","George D. Wright","N/A","N/A","2022/04/08"
"","tt0009368","Mexico's Floating Gardens","1918","Movie","Documentary, Short","USA","N/A","N/A","N/A","2022/04/08"
"","tt0009369","Mickey","1918","Movie","Comedy, Drama","United States","F. Richard Jones, James Young","6.0","1120","2022/04/08"
"","tt0009370","The Midnight Burglar","1918","Movie","Comedy, Drama","USA","Robert Ensminger","N/A","N/A","2022/04/08"
"","tt0009371","Midnight Madness","1918","Movie","Mystery","United States","Rupert Julian","N/A","N/A","2022/04/08"
"","tt0009372","The Midnight Trail","1918","Movie","Comedy, Drama, Mystery","USA","Edward Sloman","N/A","N/A","2022/04/08"
"","tt0009373","Midst Peaceful Scenes","1919","Movie","Documentary, Short","USA","W.A. Van Scoy","N/A","N/A","2022/04/08"
"","tt0009374","Milady o' the Beanstalk","1918","Movie","Comedy, Drama","USA","William Bertram","N/A","N/A","2022/04/08"
"","tt0009375","Mile-a-Minute Kendall","1918","Movie","Drama","United States","William Desmond Taylor","N/A","N/A","2022/04/08"
"","tt0009376","The Million Dollar Dollies","1918","Movie","Comedy","United States","Léonce Perret","6.4","17","2022/04/08"
"","tt0009377","Mirandy Smiles","1918","Movie","Drama, Comedy","USA","William C. de Mille","N/A","N/A","2022/04/08"
"","tt0009378","Miss Ambition","1918","Movie","Drama","USA","Henry Houry","4.2","5","2022/04/08"
"","tt0009379","Miss Innocence","1918","Movie","Drama","United States","Harry F. Millarde","N/A","N/A","2022/04/08"
"","tt0009380","Miss Meri","1918","Movie","N/A","Russia","Boris Chaikovsky","N/A","N/A","2022/04/08"
"","tt0009381","Miss Mischief Maker","1918","Movie","Comedy","USA","Sherwood MacDonald","N/A","N/A","2022/04/08"
"","tt0009382","Missing","1918","Movie","Drama, War","USA","James Young","N/A","N/A","2022/04/08"
"","tt0009383","A Model's Confession","1918","Movie","Drama","United States","Ida May Park","N/A","N/A","2022/04/08"
"","tt0009384","Modern Love","1918","Movie","Drama, Romance","United States","Robert Z. Leonard","N/A","N/A","2022/04/08"
"","tt0009385","Der Dieb","1918","Movie","N/A","Germany","Franz Eckstein, Rosa Porten","N/A","N/A","2022/04/08"
"","tt0009386","Molly Go Get 'Em","1918","Movie","Comedy","USA","Lloyd Ingraham","N/A","N/A","2022/04/08"
"","tt0009387","Money Isn't Everything","1918","Movie","Comedy, Drama","United States","Edward Sloman","N/A","N/A","2022/04/08"
"","tt0009388","Money Mad","1918","Movie","Mystery","United States","Hobart Henley","N/A","N/A","2022/04/08"
"","tt0009389","Moonshine","1918","Movie","Comedy, Short","United States","Roscoe 'Fatty' Arbuckle","5.8","751","2022/04/08"
"","tt0009390","The Moral Law","1918","Movie","Drama","United States","Bertram Bracken","N/A","N/A","2022/04/08"
"","tt0009391","Moral Suicide","1918","Movie","Drama","USA","Ivan Abramson","N/A","N/A","2022/04/08"
"","tt0009392","More Trouble","1918","Movie","Comedy, Drama","USA","Ernest C. Warde","N/A","N/A","2022/04/08"
"","tt0009393","Morgan's Raiders","1918","Movie","Drama","United States","Wilfred Lucas, Bess Meredyth","N/A","N/A","2022/04/08"
"","tt0009394","The Mortgaged Wife","1918","Movie","Drama","United States","Allen Holubar","N/A","N/A","2022/04/08"
"","tt0009395","A Mother's Secret","1918","Movie","Drama","United States","Douglas Gerrard","N/A","N/A","2022/04/08"
"","tt0009396","A Mother's Sin","1918","Movie","Drama","USA","Thomas R. Mills","N/A","N/A","2022/04/08"
"","tt0009397","Mother, I Need You","1918","Movie","N/A","United States","Frank Beal","N/A","N/A","2022/04/08"
"","tt0009398","Mount Lassen in Action","1918","Movie","Documentary","USA","N/A","N/A","N/A","2022/04/08"
"","tt0009399","A Mountaineering Memory","1918","Movie","Documentary, Short","USA","C.L. Chester","N/A","N/A","2022/04/08"
"","tt0009400","Mr. Fix-It","1918","Movie","Comedy, Romance","United States","Allan Dwan","7.0","57","2022/04/08"
"","tt0009401","Mr. Logan, U.S.A.","1918","Movie","War, Western","United States","Lynn Reynolds","N/A","N/A","2022/04/08"
"","tt0009402","Mrs. Dane's Defense","1918","Movie","Drama","N/A","Hugh Ford","N/A","N/A","2022/04/08"
"","tt0009403","Mrs. Leffingwell's Boots","1918","Movie","Comedy, Romance","United States","Walter Edwards","N/A","N/A","2022/04/08"
"","tt0009404","Mum's the Word","1918","Movie","Comedy, Short","USA","Eddie Lyons, Lee Moran","N/A","N/A","2022/04/08"
"","tt0009405","My Cousin","1918","Movie","Drama, Comedy","United States","Edward José","6.3","42","2022/04/08"
"","tt0009406","My Four Years in Germany","1918","Movie","War, Drama","United States","William Nigh","6.0","49","2022/04/08"
"","tt0009407","The House of Mirrors","1916","Movie","Drama","USA","Marshall Farnum, James Ormont","N/A","N/A","2022/04/08"
"","tt0009408","My Own United States","1918","Movie","Drama","USA","John W. Noble","N/A","N/A","2022/04/08"
"","tt0009409","My Sweetheart","1918","Movie","Comedy","United Kingdom","Meyrick Milton","N/A","N/A","2022/04/08"
"","tt0009410","My Wife","1918","Movie","Comedy, Drama","USA","Dell Henderson","N/A","N/A","2022/04/08"
"","tt0009411","The Mysterious Client","1918","Movie","Comedy, Drama","United States","Fred E. Wright","N/A","N/A","2022/04/08"
"","tt0009412","The Mystery Girl","1918","Movie","Crime, Drama, War","United States","William C. de Mille","N/A","N/A","2022/04/08"
"","tt0009413","Mystic Faces","1918","Movie","Comedy, Drama","USA","E. Mason Hopper","N/A","N/A","2022/04/08"
"","tt0009414","Las máscaras negras","1918","Movie","N/A","Spain","José María Codina, Juan María Codina","N/A","N/A","2022/04/08"
"","tt0009415","The Ballet Girl","1918","Movie","Comedy, Drama","Germany","Ernst Lubitsch","7.0","18","2022/04/08"
"","tt0009416","Mästerkatten i stövlar","1918","Movie","Comedy","Sweden","John W. Brunius","4.4","19","2022/04/08"
"","tt0009417","Nach zwanzig Jahren","1918","Movie","N/A","N/A","Willy Zeyn","N/A","N/A","2022/04/08"
"","tt0009418","Nancy Comes Home","1918","Movie","Comedy, Drama","USA","John Francis Dillon","N/A","N/A","2022/04/08"
"","tt0009419","A napraforgós hölgy","1918","Movie","Drama","Hungary","Michael Curtiz","7.5","24","2022/04/08"
"","tt0009420","Nattliga toner","1918","Movie","Drama, Romance","Sweden","Georg af Klercker","6.2","40","2022/04/08"
"","tt0009421","The Nature Girl","1919","Movie","Drama","USA","O.A.C. Lund","N/A","N/A","2022/04/08"
"","tt0009422","Nature's Gentleman","1918","Movie","Romance","UK","F. Martin Thornton","N/A","N/A","2022/04/08"
"","tt0009423","The Naulahka","1918","Movie","Adventure","United States","George Fitzmaurice","N/A","15","2022/04/08"
"","tt0009424","Neighbors","1918","Movie","Comedy, Drama","USA","Frank Hall Crane","N/A","N/A","2022/04/08"
"","tt0009425","Nelson","1918","Movie","Biography, Drama, Romance","United Kingdom","Maurice Elvey","6.8","18","2022/04/08"
"","tt0009426","New Love for Old","1918","Movie","Drama","United States","Elsie Jane Wilson","N/A","N/A","2022/04/08"
"","tt0009427","A Nine O'Clock Town","1918","Movie","Comedy, Drama","USA","Victor Schertzinger","N/A","N/A","2022/04/08"
"","tt0009428","Nine-Tenths of the Law","1918","Movie","Drama","United States","B. Reeves Eason","N/A","N/A","2022/04/08"
"","tt0009429","No Man's Land","1918","Movie","Drama, War","United States","Will S. Davis","N/A","N/A","2022/04/08"
"","tt0009430","No Place Like Jail","1918","Movie","Comedy, Short","United States","Frank Terry","N/A","14","2022/04/08"
"","tt0009431","Nobelpristagaren","1918","Movie","N/A","Sweden","Georg af Klercker","6.0","10","2022/04/08"
"","tt0009432","Nobody's Wife","1918","Movie","Romance, Drama","United States","Edward LeSaint","N/A","N/A","2022/04/08"
"","tt0009433","Nocturno der Liebe","1919","Movie","Biography, Drama","Germany","Carl Boese","N/A","N/A","2022/04/08"
"","tt0009434","The Non-Stop Kid","1918","Movie","Comedy, Short","United States","Gilbert Pratt","5.8","272","2022/04/08"
"","tt0009435","Nothing But Trouble","1918","Movie","Comedy, Short","United States","N/A","N/A","N/A","2022/04/08"
"","tt0009436","Nászdal","1917","Movie","N/A","Hungary","Alfréd Deésy","8.3","10","2022/04/08"
"","tt0009437","Occultism","1918","Movie","Animation, Comedy, Short","United States","Bud Fisher","N/A","N/A","2022/04/08"
"","tt0009438","Old Hartwell's Cub","1918","Movie","Drama","United States","Thomas N. Heffron","N/A","N/A","2022/04/08"
"","tt0009439","Old Love for New","1918","Movie","Drama","USA","Raymond Wells","N/A","N/A","2022/04/08"
"","tt0009440","Old Wives for New","1918","Movie","Drama","United States","Cecil B. DeMille","6.4","216","2022/04/08"
"","tt0009441","The Oldest Law","1918","Movie","Drama","United States","Harley Knoles","N/A","N/A","2022/04/08"
"","tt0009442","On Ice","1918","Movie","Animation, Comedy, Short","N/A","Bud Fisher","N/A","N/A","2022/04/08"
"","tt0009443","On Leave","1918","Movie","Crime, Drama","UK","Alexander Butler","N/A","N/A","2022/04/08"
"","tt0009444","On the Jump","1918","Movie","Comedy","United States","Raoul Walsh","N/A","N/A","2022/04/08"
"","tt0009445","On the Quiet","1918","Movie","Comedy, Romance","United States","Chester Withey","7.0","32","2022/04/08"
"","tt0009446","One Dollar Bid","1918","Movie","Drama","USA","Ernest C. Warde","N/A","N/A","2022/04/08"
"","tt0009447","One More American","1918","Movie","Drama","United States","William C. de Mille","N/A","N/A","2022/04/08"
"","tt0009448","One Thousand Dollars","1918","Movie","Comedy","USA","Kenneth S. Webb","N/A","N/A","2022/04/08"
"","tt0009449","The One Woman","1918","Movie","Drama","USA","Reginald Barker","N/A","N/A","2022/04/08"
"","tt0009450","The Only Road","1918","Movie","Western","United States","Frank Reicher","N/A","N/A","2022/04/08"
"","tt0009451","Onward Christian Soldiers","1918","Movie","Romance","United Kingdom","Rex Wilson","N/A","N/A","2022/04/08"
"","tt0009452","Op hoop van zegen","1918","Movie","Drama","Netherlands","Maurits Binger","N/A","N/A","2022/04/08"
"","tt0009453","Opfer der Gesellschaft","1918","Movie","N/A","Germany","Willy Grunwald","N/A","N/A","2022/04/08"
"","tt0009454","Opportunity","1918","Movie","Comedy, Drama","United States","John H. Collins","6.5","16","2022/04/08"
"","tt0009455","The Ordeal of Rosetta","1918","Movie","Drama, Romance","USA","Emile Chautard","N/A","N/A","2022/04/08"
"","tt0009456","The Orderly","1918","Movie","Short, Comedy","USA","Arvid E. Gillstrom","N/A","N/A","2022/04/08"
"","tt0009457","L'orgoglio","1918","Movie","N/A","Italy","Edoardo Bencivenga","N/A","N/A","2022/04/08"
"","tt0009458","Othello","1918","Movie","Drama, Romance","Germany","Max Mack","N/A","N/A","2022/04/08"
"","tt0009459","Other Men's Daughters","1918","Movie","Drama","USA","Carl Harbaugh","N/A","N/A","2022/04/08"
"","tt0009460","The Other Woman","1918","Movie","Drama","USA","Albert Parker","N/A","N/A","2022/04/08"
"","tt0009461","Our Bridge of Ships","1918","Movie","Documentary, War, Short","USA","N/A","N/A","N/A","2022/04/08"
"","tt0009462","Our Dumb Friends in the War","1918","Movie","Documentary","France","N/A","N/A","N/A","2022/04/08"
"","tt0009463","Our Four Days in Germany","1918","Movie","Animation, Comedy, Short","USA","Bud Fisher","N/A","N/A","2022/04/08"
"","tt0009464","Our Invincible Navy","1918","Movie","Documentary, War","USA","N/A","N/A","N/A","2022/04/08"
"","tt0009465","Our Mrs. McChesney","1918","Movie","Comedy, Drama","United States","Ralph Ince","N/A","N/A","2022/04/08"
"","tt0009466","Out West","1918","Movie","Short, Western, Comedy","United States","Roscoe 'Fatty' Arbuckle","6.4","1038","2022/04/08"
"","tt0009467","Out of a Clear Sky","1918","Movie","Drama, Romance","USA","Marshall Neilan","N/A","N/A","2022/04/08"
"","tt0009468","Out of the Night","1918","Movie","Drama","USA","James Kirkwood","N/A","N/A","2022/04/08"
"","tt0009469","Outwitting the Hun","1918","Movie","Animation, Comedy","Italy","Giovanni Pastrone","6.6","5","2022/04/08"
"","tt0009470","Over the Top","1918","Movie","Drama, War","United States","Wilfrid North","6.6","8","2022/04/08"
"","tt0009471","An Ozark Romance","1918","Movie","Comedy, Short","United States","Alfred J. Goulding","5.7","13","2022/04/08"
"","tt0009472","The Painted Lily","1918","Movie","Drama","USA","Thomas N. Heffron","N/A","N/A","2022/04/08"
"","tt0009473","Painted Lips","1918","Movie","Drama","United States","Edward LeSaint","N/A","N/A","2022/04/08"
"","tt0009474","A Pair of Cupids","1918","Movie","Comedy, Drama","USA","Charles Brabin","N/A","N/A","2022/04/08"
"","tt0009475","A Pair of Silk Stockings","1918","Movie","Comedy, Romance","United States","Walter Edwards","4.6","517","2022/04/08"
"","tt0009476","Pals First","1918","Movie","Romance","USA","Edwin Carewe","N/A","N/A","2022/04/08"
"","tt0009477","The Panther Woman","1918","Movie","Drama","United States","Ralph Ince","N/A","N/A","2022/04/08"
"","tt0009478","Parasites of Life","1918","Movie","N/A","Russia","Yakov Protazanov","N/A","N/A","2022/04/08"
"","tt0009479","Paris the Beautiful","1918","Movie","Documentary","USA","N/A","N/A","N/A","2022/04/08"
"","tt0009480","The Passing of the Third Floor Back","1918","Movie","Drama","United Kingdom","Herbert Brenon","6.6","21","2022/04/08"
"","tt0009481","Pay Day","1918","Movie","Comedy, Drama","United States","Mrs. Sidney Drew, Sidney Drew","N/A","N/A","2022/04/08"
"","tt0009482","Peck's Bad Girl","1918","Movie","Comedy","United States","Charles Giblyn","N/A","N/A","2022/04/08"
"","tt0009483","Peer Gynt","1919","Movie","N/A","Germany","Victor Barnowsky","6.9","13","2022/04/08"
"","tt0009484","Peg of the Pirates","1918","Movie","Comedy, Drama","United States","O.A.C. Lund","N/A","N/A","2022/04/08"
"","tt0009485","A Perfect 36","1918","Movie","Comedy","United States","Charles Giblyn","N/A","N/A","2022/04/08"
"","tt0009486","A Perfect Lady","1918","Movie","Comedy, Drama","United States","Clarence G. Badger","N/A","N/A","2022/04/08"
"","tt0009487","Perfectly Fiendish Flanagan; or, The Hart of the Dreadful West","1918","Movie","Comedy, Western, Short","United States","Saul Harrison","N/A","N/A","2022/04/08"
"","tt0009488","Perfidia","1918","Movie","Short","Spain","J. Elda","N/A","N/A","2022/04/08"
"","tt0009489","Pershing's Crusaders","1918","Movie","Documentary, Short, War","United States","N/A","N/A","N/A","2022/04/08"
"","tt0009490","Pesn lyubvi nedopetaya","1918","Movie","Drama, Romance","Russia","Vitold Polonsky, Lev Kuleshov","N/A","N/A","2022/04/08"
"","tt0009491","Les petites marionnettes","1918","Movie","N/A","France","Louis Feuillade","N/A","N/A","2022/04/08"
"","tt0009492","A Petticoat Pilot","1918","Movie","Comedy, Drama","United States","Rollin S. Sturgeon","7.0","17","2022/04/08"
"","tt0009493","Petticoats and Politics","1918","Movie","Comedy, Drama, Western","USA","Howard M. Mitchell","N/A","N/A","2022/04/08"
"","tt0009494","The Phantom Riders","1918","Movie","Western","United States","John Ford","4.8","42","2022/04/08"
"","tt0009495","Picturesque Industries of Mexico","1918","Movie","Documentary","USA","N/A","N/A","N/A","2022/04/08"
"","tt0009496","Picturesque Wales: Llangollen and Picture Spots in England","1918","Movie","Documentary, Short","UK","N/A","N/A","N/A","2022/04/08"
"","tt0009497","Pin Feather Pickaninnies","1918","Movie","Documentary, Short","USA","C.L. Chester","N/A","N/A","2022/04/08"
"","tt0009498","Pines Up and Palms Down","1918","Movie","Documentary, Short","USA","C.L. Chester","N/A","N/A","2022/04/08"
"","tt0009499","Pipe the Whiskers","1918","Movie","Short, Comedy","United States","Alfred J. Goulding","N/A","N/A","2022/04/08"
"","tt0009500","Play Straight or Fight","1918","Movie","Short, Western","USA","Paul Hurst","N/A","N/A","2022/04/08"
"","tt0009501","Playing the Game","1918","Movie","Comedy, Drama","United States","Victor Schertzinger","N/A","N/A","2022/04/08"
"","tt0009502","Playmates","1918","Movie","Comedy, Short","United States","Charley Chase","8.2","13","2022/04/08"
"","tt0009503","Playthings","1918","Movie","Drama","United States","Douglas Gerrard","N/A","N/A","2022/04/08"
"","tt0009504","The Poor Rich Man","1918","Movie","Comedy, Drama","United States","Charles Brabin","N/A","N/A","2022/04/08"
"","tt0009505","Pot Luck in the Army","1918","Movie","Animation, Comedy, Short","USA","Bud Fisher","N/A","N/A","2022/04/08"
"","tt0009506","The Potaro River","1918","Movie","Documentary, Short","USA","C.L. Chester","N/A","N/A","2022/04/08"
"","tt0009507","A Pottery Girl's Romance","1918","Movie","Drama, Romance","UK","G. Fletcher Hewitt","N/A","N/A","2022/04/08"
"","tt0009508","The Power and the Glory","1918","Movie","Drama","United States","Lawrence C. Windom","6.4","5","2022/04/08"
"","tt0009509","Vlast tmy","1918","Movie","Short","Russia","Cheslav Sabinsky","N/A","N/A","2022/04/08"
"","tt0009510","Powers That Prey","1918","Movie","Comedy, Drama","United States","Henry King","N/A","N/A","2022/04/08"
"","tt0009511","The Pretender","1918","Movie","Comedy, Western","USA","Clifford Smith","N/A","N/A","2022/04/08"
"","tt0009512","The Price of Applause","1918","Movie","Drama, War","USA","Thomas N. Heffron","N/A","N/A","2022/04/08"
"","tt0009513","The Primitive Woman","1918","Movie","Comedy, Drama","USA","Lloyd Ingraham","N/A","N/A","2022/04/08"
"","tt0009514","Prince Sami","1917","Movie","Short, Comedy","Germany","Ernst Lubitsch","N/A","N/A","2022/04/08"
"","tt0009515","Die Prinzessin von Urbino","1919","Movie","Crime, Drama","Germany","Paul Legband","N/A","N/A","2022/04/08"
"","tt0009516","The Prisoner of War","1918","Movie","N/A","USA","N/A","N/A","N/A","2022/04/08"
"","tt0009517","Prisoners of the Pines","1918","Movie","Drama","United States","Ernest C. Warde","N/A","N/A","2022/04/08"
"","tt0009518","Private Peat","1918","Movie","Biography, Drama, War","USA","Edward José","N/A","N/A","2022/04/08"
"","tt0009519","Pro domo","1918","Movie","N/A","Netherlands","Theo Frenkel","N/A","N/A","2022/04/08"
"","tt0009520","Het proces Begeer","1918","Movie","Crime, Drama","Netherlands","Theo Frenkel","N/A","N/A","2022/04/08"
"","tt0009521","The Prodigal Wife","1918","Movie","Drama","United States","Frank Reicher","N/A","N/A","2022/04/08"
"","tt0009522","Proekt inzhenera Prayta","1918","Movie","Short","Russia","Lev Kuleshov","5.7","120","2022/04/08"
"","tt0009523","Prunella","1918","Movie","Romance","United States","Maurice Tourneur","6.8","21","2022/04/08"
"","tt0009524","The Prussian Cur","1918","Movie","Drama, War","United States","Raoul Walsh","N/A","N/A","2022/04/08"
"","tt0009525","The Purple Lily","1918","Movie","Drama","USA","Fred Kelsey","N/A","N/A","2022/04/08"
"","tt0009526","The Queen of Hearts","1918","Movie","Drama, Mystery","USA","Edmund Lawrence","N/A","N/A","2022/04/08"
"","tt0009527","Queen of the Sea","1918","Movie","Adventure, Fantasy, Romance","United States","John G. Adolfi","6.7","21","2022/04/08"
"","tt0009528","The Quest of the Big 'Un","1918","Movie","Documentary, Short","USA","Charles Maigne","N/A","N/A","2022/04/08"
"","tt0009529","Die Rachegöttin","1918","Movie","N/A","Germany","Georg Alexander","N/A","N/A","2022/04/08"
"","tt0009530","The Racing Strain","1918","Movie","Drama","United States","Emmett J. Flynn","N/A","N/A","2022/04/08"
"","tt0009531","The Railroader","1919","Movie","Drama","United States","Colin Campbell","N/A","N/A","2022/04/08"
"","tt0009532","The Rainbow Trail","1918","Movie","Drama, Romance, Western","United States","Frank Lloyd","N/A","N/A","2022/04/08"
"","tt0009533","Raindrops","1919","Movie","Documentary, Short","USA","W.A. Van Scoy","N/A","N/A","2022/04/08"
"","tt0009534","The Ranger","1918","Movie","Western","USA","Robert Gray","N/A","N/A","2022/04/08"
"","tt0009535","Real Folks","1918","Movie","Comedy, Drama","USA","Walter Edwards","N/A","N/A","2022/04/08"
"","tt0009536","The Reason Why","1918","Movie","Drama","United States","Robert G. Vignola","N/A","N/A","2022/04/08"
"","tt0009537","Reclaimed: The Struggle for a Soul Between Love and Hate","1919","Movie","Drama","United States","Harry McRae Webster","N/A","N/A","2022/04/08"
"","tt0009538","The Red Cross Nurse","1918","Movie","Comedy, Short","USA","N/A","N/A","N/A","2022/04/08"
"","tt0009539","Red Pottage","1918","Movie","Drama","United Kingdom","Meyrick Milton","N/A","N/A","2022/04/08"
"","tt0009540","The Red, Red Heart","1918","Movie","Western","USA","Wilfred Lucas","N/A","N/A","2022/04/08"
"","tt0009541","Resurrection","1918","Movie","Drama","USA","Edward José","N/A","N/A","2022/04/08"
"","tt0009542","The Return of Mary","1918","Movie","Drama","USA","Wilfred Lucas","N/A","N/A","2022/04/08"
"","tt0009543","Revelation","1918","Movie","Drama, Romance","United States","George D. Baker","6.0","6","2022/04/08"
"","tt0009544","Revenge","1918","Movie","Western","United States","Tod Browning","8.7","18","2022/04/08"
"","tt0009545","The Revolt of the Toymakers","1918","Movie","Fantasy","USA","N/A","N/A","N/A","2022/04/08"
"","tt0009546","Revolutionens datter","1918","Movie","Comedy, Drama, Romance","Norway","Ottar Gladvedt","5.6","27","2022/04/08"
"","tt0009547","El rey de la serranía","1918","Movie","Adventure","Spain","Gerardo M. Vargas Machuca","N/A","N/A","2022/04/08"
"","tt0009548","A Rich Man's Darling","1918","Movie","Comedy, Drama","United States","Edgar Jones","N/A","N/A","2022/04/08"
"","tt0009549","Rich Man, Poor Man","1918","Movie","Drama, Romance","United States","J. Searle Dawley","7.7","18","2022/04/08"
"","tt0009550","Riddle Gawne","1918","Movie","Action, Western","United States","William S. Hart, Lambert Hillyer","7.1","59","2022/04/08"
"","tt0009551","Riders of the Night","1918","Movie","Drama","United States","John H. Collins","N/A","15","2022/04/08"
"","tt0009552","Riders of the Purple Sage","1918","Movie","Western","United States","Frank Lloyd","N/A","14","2022/04/08"
"","tt0009553","Rimrock Jones","1918","Movie","Drama, Western","United States","Donald Crisp","N/A","N/A","2022/04/08"
"","tt0009554","The Risky Road","1918","Movie","Drama","United States","Ida May Park","N/A","18","2022/04/08"
"","tt0009555","The Road Through the Dark","1918","Movie","Drama","USA","Edmund Mortimer","N/A","N/A","2022/04/08"
"","tt0009556","The Road to France","1918","Movie","Drama, War","USA","Dell Henderson","N/A","N/A","2022/04/08"
"","tt0009557","The Toboggan Cavalier","1918","Movie","Comedy","Germany","Ernst Lubitsch","N/A","11","2022/04/08"
"","tt0009558","The Rogue","1918","Movie","Short, Comedy","United States","Arvid E. Gillstrom","4.6","49","2022/04/08"
"","tt0009559","A Romance of Happy Valley","1919","Movie","Drama, Romance","United States","D.W. Griffith","6.1","394","2022/04/08"
"","tt0009560","The Romance of Tarzan","1918","Movie","Action, Adventure","United States","Wilfred Lucas","6.6","49","2022/04/08"
"","tt0009561","A Romance of the Air","1918","Movie","Adventure, Romance","United States","Franklin B. Coates, Harry Revier","N/A","6","2022/04/08"
"","tt0009562","A Romance of the Underworld","1918","Movie","Drama","USA","James Kirkwood","N/A","N/A","2022/04/08"
"","tt0009563","Romans and Rascals","1918","Movie","Short, Comedy","United States","Larry Semon","4.5","40","2022/04/08"
"","tt0009564","Rose Bernd","1919","Movie","Drama, Romance","Germany","Alfred Halm","N/A","N/A","2022/04/08"
"","tt0009565","Rose o' Paradise","1918","Movie","Drama","United States","James Young","N/A","N/A","2022/04/08"
"","tt0009566","Rose of Wolfville","1918","Movie","Short, Adventure, Western","USA","N/A","N/A","N/A","2022/04/08"
"","tt0009567","Rose of the World","1918","Movie","Drama","United States","Maurice Tourneur","N/A","N/A","2022/04/08"
"","tt0009568","Rose-France","1919","Movie","Drama","France","Marcel L'Herbier","6.9","47","2022/04/08"
"","tt0009569","Der Rosenkranz","1918","Movie","N/A","Germany","Georg Alexander","N/A","N/A","2022/04/08"
"","tt0009570","The Rough Lover","1918","Movie","Comedy","United States","Joseph De Grasse","N/A","N/A","2022/04/08"
"","tt0009571","Rough and Ready","1918","Movie","Western","United States","Richard Stanton","N/A","N/A","2022/04/08"
"","tt0009572","Life's Greatest Problem","1918","Movie","Comedy, Drama, War","United States","J. Stuart Blackton","N/A","N/A","2022/04/08"
"","tt0009573","Salome","1918","Movie","Drama","United States","J. Gordon Edwards","6.3","43","2022/04/08"
"","tt0009574","Sandy","1918","Movie","Drama, Romance","United States","George Melford","N/A","N/A","2022/04/08"
"","tt0009575","Santa","1918","Movie","Drama, Short","Mexico","Luis Peredo","N/A","22","2022/04/08"
"","tt0009576","Sauce for the Goose","1918","Movie","Comedy","United States","Walter Edwards","N/A","N/A","2022/04/08"
"","tt0009577","Saucy Madeline","1918","Movie","Comedy, Short","USA","F. Richard Jones","N/A","N/A","2022/04/08"
"","tt0009578","The Savage Woman","1918","Movie","Adventure","N/A","Edmund Mortimer","N/A","N/A","2022/04/08"
"","tt0009579","Say! Young Fellow","1918","Movie","Comedy, Romance","United States","Joseph Henabery","N/A","N/A","2022/04/08"
"","tt0009580","The Scarlet Drop","1918","Movie","Western","United States","John Ford","4.0","41","2022/04/08"
"","tt0009581","The Scarlet Road","1918","Movie","Drama","United States","Edward LeSaint","N/A","N/A","2022/04/08"
"","tt0009582","The Scarlet Trail","1918","Movie","Drama","USA","John S. Lawrence","N/A","N/A","2022/04/08"
"","tt0009583","Scenes in the Virgin Islands","1918","Movie","Documentary","USA","N/A","N/A","N/A","2022/04/08"
"","tt0009584","Guadaloupe","1918","Movie","Documentary, Short","UK","N/A","N/A","N/A","2022/04/08"
"","tt0009585","Scientific Fish Farming","1918","Movie","Documentary","USA","N/A","N/A","N/A","2022/04/08"
"","tt0009586","Scrambles in the High Alps","1918","Movie","Documentary, Short","USA","N/A","N/A","N/A","2022/04/08"
"","tt0009587","The Sea Flower","1918","Movie","Adventure, War","United States","Colin Campbell","N/A","15","2022/04/08"
"","tt0009588","The Sea Panther","1918","Movie","Adventure","United States","Thomas N. Heffron","N/A","6","2022/04/08"
"","tt0009589","The Sea Waif","1918","Movie","Drama","United States","Frank Reicher","N/A","N/A","2022/04/08"
"","tt0009590","The Seal of Silence","1918","Movie","Drama","United States","Thomas R. Mills","N/A","N/A","2022/04/08"
"","tt0009591","Father's Close Shave","1918","Movie","Animation, Comedy, Short","United States","N/A","N/A","N/A","2022/04/08"
"","tt0009592","Second, the Stimulating Mrs. Barton","1918","Movie","Animation, Comedy, Short","USA","N/A","N/A","N/A","2022/04/08"
"","tt0009593","The Secret Code","1918","Movie","Drama, War","United States","Albert Parker","4.8","5","2022/04/08"
"","tt0009594","Secret Strings","1918","Movie","Crime, Drama","United States","John Ince","N/A","N/A","2022/04/08"
"","tt0009595","The Secret Woman","1918","Movie","Drama","UK","A.E. Coleby","N/A","N/A","2022/04/08"
"","tt0009596","Selfish Yates","1918","Movie","Western","United States","William S. Hart","5.2","20","2022/04/08"
"","tt0009597","The Service Star","1918","Movie","Drama","USA","Charles Miller","N/A","N/A","2022/04/08"
"","tt0009598","The Seventy-Mile Gun","1918","Movie","Animation, Comedy, Short","USA","Bud Fisher","N/A","N/A","2022/04/08"
"","tt0009599","Shackled","1918","Movie","Drama","United States","Reginald Barker","N/A","N/A","2022/04/08"
"","tt0009600","Shark Monroe","1918","Movie","Adventure, Drama, Romance","United States","William S. Hart","5.7","22","2022/04/08"
"","tt0009601","The She Devil","1918","Movie","Romance","United States","J. Gordon Edwards","6.4","5","2022/04/08"
"","tt0009602","She Hired a Husband","1918","Movie","Comedy, Drama","USA","John Francis Dillon","N/A","N/A","2022/04/08"
"","tt0009603","She Loved Him Plenty","1918","Movie","Comedy, Short","United States","Hampton Del Ruth, F. Richard Jones","5.3","11","2022/04/08"
"","tt0009604","She Loves Me Not","1918","Movie","Comedy, Short","United States","N/A","5.8","12","2022/04/08"
"","tt0009605","Sheba","1919","Movie","Drama","UK","Cecil M. Hepworth","N/A","N/A","2022/04/08"
"","tt0009606","The Shell Game","1918","Movie","Drama","USA","George D. Baker","N/A","N/A","2022/04/08"
"","tt0009607","Sheriff Nell's Tussle","1918","Movie","Short, Comedy, Western","United States","William Campbell","N/A","N/A","2022/04/08"
"","tt0009608","Shifting Sands","1918","Movie","Drama","United States","Albert Parker","5.2","739","2022/04/08"
"","tt0009609","The Shoes That Danced","1918","Movie","Drama","USA","Frank Borzage","N/A","N/A","2022/04/08"
"","tt0009610","Shootin' Mad","1918","Movie","Short, Western","United States","Jess Robbins","7.0","19","2022/04/08"
"","tt0009611","Shoulder Arms","1918","Movie","Short, Comedy, War","United States","Charles Chaplin","7.3","6717","2022/04/08"
"","tt0009612","The Shuttle","1918","Movie","Romance, Drama","United States","Rollin S. Sturgeon","N/A","N/A","2022/04/08"
"","tt0009613","Sic 'Em, Towser","1918","Movie","Comedy, Short","United States","Gilbert Pratt","N/A","N/A","2022/04/08"
"","tt0009614","The Side Show","1918","Movie","Animation, Comedy, Short","USA","Bud Fisher","N/A","N/A","2022/04/08"
"","tt0009615","The Sign Invisible","1918","Movie","Drama","USA","Edgar Lewis","N/A","N/A","2022/04/08"
"","tt0009616","Signal","1918","Movie","N/A","Russia","Aleksandr Arkatov","N/A","N/A","2022/04/08"
"","tt0009617","The Silent Mystery","1918","Movie","Drama","USA","Francis Ford","N/A","N/A","2022/04/08"
"","tt0009618","The Silent Woman","1918","Movie","Drama","USA","Herbert Blaché","N/A","N/A","2022/04/08"
"","tt0009619","Sin dejar rastros","1918","Movie","Animation","Argentina","Quirino Cristiani","6.6","18","2022/04/08"
"","tt0009620","The Sinking of the 'Lusitania'","1918","Movie","Animation, Short, War","United States","Winsor McCay","6.9","1137","2022/04/08"
"","tt0009621","Six-Shooter Andy","1918","Movie","Action, Adventure, Romance","United States","Sidney Franklin","N/A","N/A","2022/04/08"
"","tt0009622","A skorpió I.","1918","Movie","Drama","Hungary","Michael Curtiz","5.6","21","2022/04/08"
"","tt0009623","Sliakot bulvarnaia","1918","Movie","N/A","Russia","N/A","N/A","N/A","2022/04/08"
"","tt0009624","Smashing Through","1918","Movie","Western","USA","Elmer Clifton","N/A","N/A","2022/04/08"
"","tt0009625","So'n kleiner Schwerenöter","1918","Movie","Comedy, Short","Germany","William Karfiol","N/A","N/A","2022/04/08"
"","tt0009626","Social Briars","1918","Movie","Comedy, Drama","United States","Henry King","N/A","N/A","2022/04/08"
"","tt0009627","Social Hypocrites","1918","Movie","Drama","United States","Albert Capellani","N/A","N/A","2022/04/08"
"","tt0009628","Social Quicksands","1918","Movie","Comedy, Drama","USA","Charles Brabin","N/A","N/A","2022/04/08"
"","tt0009629","A Society Sensation","1918","Movie","Short, Comedy, Drama","United States","Edmund Mortimer, Paul Powell","5.5","117","2022/04/08"
"","tt0009630","Society for Sale","1918","Movie","Drama","United States","Frank Borzage","6.9","23","2022/04/08"
"","tt0009631","Somewhere in Turkey","1918","Movie","Comedy, Short","United States","Alfred J. Goulding","4.2","42","2022/04/08"
"","tt0009632","The Song of Songs","1918","Movie","Drama","United States","Joseph Kaufman","N/A","N/A","2022/04/08"
"","tt0009633","The Song of the Soul","1918","Movie","Drama","United States","Tom Terriss","N/A","N/A","2022/04/08"
"","tt0009634","A Soul for Sale","1918","Movie","Drama","United States","Allen Holubar","N/A","N/A","2022/04/08"
"","tt0009635","A Soul Without Windows","1918","Movie","Drama","USA","Travers Vale","N/A","N/A","2022/04/08"
"","tt0009636","A Soul in Trust","1918","Movie","Drama","USA","Gilbert P. Hamilton","N/A","N/A","2022/04/08"
"","tt0009637","The Soul of Buddha","1918","Movie","Romance","United States","J. Gordon Edwards","6.5","19","2022/04/08"
"","tt0009638","The Source","1918","Movie","Drama","United States","George Melford","N/A","N/A","2022/04/08"
"","tt0009639","Spain, the Land of Enchantment","1918","Movie","Documentary","USA","N/A","N/A","N/A","2022/04/08"
"","tt0009640","Special Today","1918","Movie","Comedy, Short","USA","Mrs. Sidney Drew, Sidney Drew","N/A","N/A","2022/04/08"
"","tt0009641","The Spirit of '17","1918","Movie","Drama","USA","William Desmond Taylor","N/A","N/A","2022/04/08"
"","tt0009642","The Spirit of the Red Cross","1918","Movie","Drama, Romance, War","USA","N/A","N/A","N/A","2022/04/08"
"","tt0009643","The Splendid Sinner","1918","Movie","Drama, War","USA","Edwin Carewe","N/A","N/A","2022/04/08"
"","tt0009644","The Spoiled Girl","1918","Movie","Comedy, Drama, Short","USA","Jack Eaton","N/A","N/A","2022/04/08"
"","tt0009645","Sporting Life","1918","Movie","Drama, Sport","USA","Maurice Tourneur","N/A","N/A","2022/04/08"
"","tt0009646","Springtime à la Carte","1918","Movie","Short, Drama","USA","Kenneth S. Webb","N/A","N/A","2022/04/08"
"","tt0009647","The Spurs of Sybil","1918","Movie","Drama, Romance","USA","Travers Vale","N/A","N/A","2022/04/08"
"","tt0009648","Spöket på Junkershus","1918","Movie","Comedy","Sweden","Elis Ellis","N/A","N/A","2022/04/08"
"","tt0009649","The Square Deal","1918","Movie","Drama","USA","Lloyd Ingraham","N/A","N/A","2022/04/08"
"","tt0009650","The Squaw Man","1918","Movie","Western","United States","Cecil B. DeMille","5.7","40","2022/04/08"
"","tt0009651","Station Content","1918","Movie","Drama","United States","Arthur Hoyt","6.3","33","2022/04/08"
"","tt0009652","Stella Maris","1918","Movie","Drama","United States","Marshall Neilan","6.9","1466","2022/04/08"
"","tt0009653","The Still Alarm","1918","Movie","Drama","N/A","Colin Campbell","N/A","N/A","2022/04/08"
"","tt0009654","Stolen Honor","1918","Movie","Drama","USA","Richard Stanton","N/A","N/A","2022/04/08"
"","tt0009655","Stolen Orders","1918","Movie","War, Drama","USA","George Kelson, Harley Knoles","N/A","N/A","2022/04/08"
"","tt0009656","The Storm","1918","Movie","Documentary","USA","N/A","N/A","N/A","2022/04/08"
"","tt0009657","Storstadsfaror","1918","Movie","Drama","Sweden","Manne Göthson","N/A","N/A","2022/04/08"
"","tt0009658","The Strange Woman","1918","Movie","Drama","USA","Edward LeSaint","N/A","N/A","2022/04/08"
"","tt0009659","The Stranger","1918","Movie","Short, Comedy, Western","United States","Arvid E. Gillstrom","5.9","24","2022/04/08"
"","tt0009660","String Beans","1918","Movie","Comedy","USA","Victor Schertzinger","N/A","N/A","2022/04/08"
"","tt0009661","The Struggle Everlasting","1918","Movie","Drama","USA","James Kirkwood","N/A","N/A","2022/04/08"
"","tt0009662","Studies in Floriculture","1918","Movie","Documentary","USA","N/A","N/A","N/A","2022/04/08"
"","tt0009663","The Studio Girl","1918","Movie","Comedy, Romance","United States","Charles Giblyn","N/A","N/A","2022/04/08"
"","tt0009664","Stürme des Lebens","1918","Movie","N/A","Germany","Franz Hofer","N/A","N/A","2022/04/08"
"","tt0009665","A Successful Adventure","1918","Movie","Romance, Comedy, Drama","United States","Harry L. Franklin","N/A","N/A","2022/04/08"
"","tt0009666","Such a Little Pirate","1918","Movie","Adventure","USA","George Melford","7.0","6","2022/04/08"
"","tt0009667","The Sudden Gentleman","1917","Movie","Comedy, Drama","USA","Thomas N. Heffron","N/A","N/A","2022/04/08"
"","tt0009668","Sumatra","1918","Movie","Documentary, Short","UK","N/A","N/A","N/A","2022/04/08"
"","tt0009669","The Summer Girls","1918","Movie","Short, Comedy","USA","Edward F. Cline","N/A","N/A","2022/04/08"
"","tt0009670","A Sun Kissed Isle","1918","Movie","Documentary, Short","France","N/A","N/A","N/A","2022/04/08"
"","tt0009671","Sunshine Alley","1917","Movie","Drama","United States","John W. Noble","N/A","N/A","2022/04/08"
"","tt0009672","Sunshine Nan","1918","Movie","Comedy, Drama","United States","Charles Giblyn","N/A","N/A","2022/04/08"
"","tt0009673","Superintendents","1918","Movie","Animation, Comedy, Short","USA","Bud Fisher","N/A","N/A","2022/04/08"
"","tt0009674","Suspicion","1918","Movie","Drama","USA","John M. Stahl","N/A","N/A","2022/04/08"
"","tt0009675","Swat the Spy","1918","Movie","Comedy, Drama","United States","Arvid E. Gillstrom","N/A","N/A","2022/04/08"
"","tt0009676","Swing Your Partners","1918","Movie","Comedy, Short","United States","Alfred J. Goulding","6.3","34","2022/04/08"
"","tt0009677","Das Tagebuch einer Verlorenen","1918","Movie","Drama, Thriller","Germany","Richard Oswald","6.8","24","2022/04/08"
"","tt0009678","Take a Chance","1918","Movie","Comedy, Short","United States","Alfred J. Goulding","6.5","515","2022/04/08"
"","tt0009679","The Tale of a Pig","1918","Movie","Animation, Comedy, Short","USA","Bud Fisher","N/A","N/A","2022/04/08"
"","tt0009680","Tales of the Tall Timber","1918","Movie","Documentary, Short","N/A","Robert C. Bruce","N/A","N/A","2022/04/08"
"","tt0009681","The Talk of the Town","1918","Movie","Comedy, Romance","United States","Allen Holubar","N/A","N/A","2022/04/08"
"","tt0009682","Tarzan of the Apes","1918","Movie","Action, Adventure","United States","Scott Sidney","5.8","812","2022/04/08"
"","tt0009683","Tavaszi vihar","1918","Movie","N/A","Hungary","Alfréd Deésy","N/A","N/A","2022/04/08"
"","tt0009684","Tell It to the Marines","1918","Movie","Comedy","USA","Arvid E. Gillstrom","N/A","N/A","2022/04/08"
"","tt0009685","Tempered Steel","1918","Movie","Drama","USA","Ralph Ince","N/A","N/A","2022/04/08"
"","tt0009686","The Temple of Dusk","1918","Movie","Drama","United States","James Young","N/A","N/A","2022/04/08"
"","tt0009687","The Testing of Mildred Vane","1918","Movie","Drama","United States","Wilfred Lucas","N/A","N/A","2022/04/08"
"","tt0009688","That Devil, Bateese","1918","Movie","Action, Drama","United States","William Wolbert","N/A","N/A","2022/04/08"
"","tt0009689","That's Him","1918","Movie","Comedy, Short","United States","Gilbert Pratt","6.3","68","2022/04/08"
"","tt0009690","Thieves' Gold","1918","Movie","Western","United States","John Ford","4.4","44","2022/04/08"
"","tt0009691","The Thing We Love","1918","Movie","Short, Drama","United States","Lou Tellegen","N/A","N/A","2022/04/08"
"","tt0009692","Third, Jiggs and the Social Lion","1918","Movie","Animation, Comedy, Short","USA","Gregory La Cava","N/A","N/A","2022/04/08"
"","tt0009693","Thirty a Week","1918","Movie","Drama, Comedy","United States","Harry Beaumont","N/A","N/A","2022/04/08"
"","tt0009694","Thomas Graals bästa barn","1918","Movie","Comedy","Sweden, United States","Mauritz Stiller","6.3","106","2022/04/08"
"","tt0009695","Those Athletic Girls","1918","Movie","Short, Comedy","USA","Edward F. Cline, Hampton Del Ruth","N/A","N/A","2022/04/08"
"","tt0009696","Three Mounted Men","1918","Movie","Western","United States","John Ford","4.0","43","2022/04/08"
"","tt0009697","Three X Gordon","1918","Movie","Comedy, Drama","USA","Ernest C. Warde","N/A","N/A","2022/04/08"
"","tt0009698","Throwing the Bull","1918","Movie","Animation, Comedy, Short","N/A","Bud Fisher","N/A","N/A","2022/04/08"
"","tt0009699","Tidbits of Travel","1918","Movie","Documentary, Short","USA","E.M. Newman","N/A","N/A","2022/04/08"
"","tt0009700","The Tiger Man","1918","Movie","Western","United States","William S. Hart","5.0","17","2022/04/08"
"","tt0009701","Tih Minh","1918","Movie","Adventure, Mystery","France","Louis Feuillade","7.0","367","2022/04/08"
"","tt0009702","Till I Come Back to You","1918","Movie","Drama, War","United States","Cecil B. DeMille","5.8","22","2022/04/08"
"","tt0009703","Tinker, Tailor, Soldier, Sailor","1918","Movie","Drama, Romance","United Kingdom","Rex Wilson","5.0","5","2022/04/08"
"","tt0009704","Tinsel","1918","Movie","Drama","United States","Oscar Apfel","N/A","N/A","2022/04/08"
"","tt0009705","The Tip","1918","Movie","Comedy, Short","USA","Billy Gilbert, Gilbert Pratt","N/A","N/A","2022/04/08"
"","tt0009706","To Hell with the Kaiser!","1918","Movie","Comedy, Drama, War","USA","George Irving","N/A","N/A","2022/04/08"
"","tt0009707","To the Rescue","1918","Movie","Animation, Comedy, Short","USA","Bud Fisher","N/A","N/A","2022/04/08"
"","tt0009708","Together","1918","Movie","Mystery, Comedy, Drama","United States","O.A.C. Lund","N/A","N/A","2022/04/08"
"","tt0009709","Tongues of Flame","1918","Movie","Drama, Romance, Western","United States","Colin Campbell","N/A","N/A","2022/04/08"
"","tt0009710","Tonsorial Artists","1918","Movie","Animation, Comedy, Short","USA","Bud Fisher","N/A","N/A","2022/04/08"
"","tt0009711","Tony America","1918","Movie","Drama","N/A","Thomas N. Heffron","N/A","N/A","2022/04/08"
"","tt0009712","Too Fat to Fight","1918","Movie","Comedy","United States","Hobart Henley","N/A","N/A","2022/04/08"
"","tt0009713","Too Many Millions","1918","Movie","Comedy, Drama","United States","James Cruze","N/A","N/A","2022/04/08"
"","tt0009714","The Top Dog","1918","Movie","Crime, Drama","UK","Arrigo Bocchi","N/A","N/A","2022/04/08"
"","tt0009715","Tosca","1918","Movie","Drama","Italy","Alfredo De Antoni","N/A","N/A","2022/04/08"
"","tt0009716","Tourada no Campo Pequeno","1918","Movie","Documentary","Portugal","Luis Reis Santos","N/A","N/A","2022/04/08"
"","tt0009717","Toys of Fate","1918","Movie","Drama","USA","George D. Baker","N/A","N/A","2022/04/08"
"","tt0009718","The Trail to Yesterday","1918","Movie","Western","United States","Edwin Carewe","N/A","N/A","2022/04/08"
"","tt0009719","The Trap","1918","Movie","Drama","USA","George Archainbaud","N/A","N/A","2022/04/08"
"","tt0009720","Les travailleurs de la mer","1918","Movie","N/A","France","André Antoine, Léonard Antoine","N/A","12","2022/04/08"
"","tt0009721","Treasure Island","1917","Movie","Adventure","United States","Chester M. Franklin, Sidney Franklin","5.6","26","2022/04/08"
"","tt0009722","The Treasure of the Sea","1918","Movie","Drama","USA","Frank Reicher","N/A","N/A","2022/04/08"
"","tt0009723","El tren de los suicidas","1918","Movie","N/A","Spain","Juan Pallejá","N/A","N/A","2022/04/08"
"","tt0009724","The Triumph of Transportation","1918","Movie","Documentary, Short","USA","N/A","N/A","N/A","2022/04/08"
"","tt0009725","The Triumph of the Weak","1918","Movie","Drama","USA","Tom Terriss","N/A","N/A","2022/04/08"
"","tt0009726","True Blue","1918","Movie","Western","United States","Frank Lloyd","N/A","N/A","2022/04/08"
"","tt0009727","The Turn of a Card","1918","Movie","Comedy, Drama","USA","Oscar Apfel","N/A","N/A","2022/04/08"
"","tt0009728","The Turn of the Wheel","1918","Movie","Drama, Romance, Mystery","United States","Reginald Barker","N/A","N/A","2022/04/08"
"","tt0009729","Twenty-One","1918","Movie","Comedy","USA","William Worthington","N/A","N/A","2022/04/08"
"","tt0009730","Two Scrambled","1918","Movie","Comedy, Short","United States","Gilbert Pratt","N/A","N/A","2022/04/08"
"","tt0009731","Two Tough Tenderfeet","1918","Movie","Short, Comedy","USA","Hampton Del Ruth, F. Richard Jones","N/A","N/A","2022/04/08"
"","tt0009732","Two-Gun Gussie","1918","Movie","Comedy, Short, Western","United States","Alfred J. Goulding","5.7","301","2022/04/08"
"","tt0009733","The Two-Soul Woman","1918","Movie","Drama, Mystery","United States","Elmer Clifton","N/A","N/A","2022/04/08"
"","tt0009734","Tyrant Fear","1918","Movie","Drama","United States","Roy William Neill","N/A","N/A","2022/04/08"
"","tt0009735","La tía de Pancho","1918","Movie","N/A","Spain","Julio Roesset","N/A","N/A","2022/04/08"
"","tt0009736","El tío de América","1918","Movie","Short","Spain","Juan Solá Mestres","N/A","N/A","2022/04/08"
"","tt0009737","The Unbeliever","1918","Movie","Drama, War","United States","Alan Crosland","6.0","132","2022/04/08"
"","tt0009738","The Unblazed Trail","1918","Movie","Documentary, Short","USA","C.L. Chester","N/A","N/A","2022/04/08"
"","tt0009739","The Unchastened Woman","1918","Movie","Drama","United States","William Humphrey","N/A","N/A","2022/04/08"
"","tt0009740","Unclaimed Goods","1918","Movie","Comedy, Romance, Western","USA","Rollin S. Sturgeon","N/A","N/A","2022/04/08"
"","tt0009741","Uncle Tom's Cabin","1918","Movie","Drama","United States","J. Searle Dawley","N/A","N/A","2022/04/08"
"","tt0009742","Under Four Flags","1918","Movie","Documentary, War","USA","S.L. Rothafel","N/A","N/A","2022/04/08"
"","tt0009743","Under Suspicion","1918","Movie","Comedy, Mystery","United States","Will S. Davis","N/A","N/A","2022/04/08"
"","tt0009744","Under the Greenwood Tree","1918","Movie","Drama","USA","Emile Chautard","N/A","N/A","2022/04/08"
"","tt0009745","Under the Yoke","1918","Movie","Action, Romance, War","United States","J. Gordon Edwards","N/A","N/A","2022/04/08"
"","tt0009746","Unknown Switzerland","1918","Movie","Documentary","USA","N/A","N/A","N/A","2022/04/08"
"","tt0009747","Up Romance Road","1918","Movie","Comedy, Drama, War","United States","Henry King","N/A","N/A","2022/04/08"
"","tt0009748","Up in the Air","1918","Movie","Animation, Comedy, Short","United States","Gregory La Cava","N/A","N/A","2022/04/08"
"","tt0009749","Up the Road with Sallie","1918","Movie","Comedy, Romance","USA","William Desmond Taylor","N/A","N/A","2022/04/08"
"","tt0009750","Congestion","1918","Movie","N/A","Russia","Anatoli Dolinov, Aleksandr Panteleyev, Donat Pashkovsky","4.4","21","2022/04/08"
"","tt0009751","The Vamp","1918","Movie","Comedy, Drama, War","United States","Jerome Storm","N/A","N/A","2022/04/08"
"","tt0009752","Vamping the Vamp","1918","Movie","Comedy, Short","USA","Alfred Santell","N/A","N/A","2022/04/08"
"","tt0009753","The Vanity Pool","1918","Movie","Drama","USA","Ida May Park","N/A","N/A","2022/04/08"
"","tt0009754","Varázskeringö","1918","Movie","Drama","Hungary","Michael Curtiz, Arthur Lakner","N/A","21","2022/04/08"
"","tt0009755","Vdova","1918","Movie","Drama","Russia","Theodor Komisarjevsky","N/A","N/A","2022/04/08"
"","tt0009756","The Velvet Hand","1918","Movie","Drama","United States","Douglas Gerrard","N/A","N/A","2022/04/08"
"","tt0009757","Vendémiaire","1918","Movie","Drama","France","Louis Feuillade","6.8","49","2022/04/08"
"","tt0009758","Vengeance","1918","Movie","Drama","United States","Travers Vale","N/A","N/A","2022/04/08"
"","tt0009759","Vengeance Is Mine","1917","Movie","Drama","USA","Frank Hall Crane","N/A","N/A","2022/04/08"
"","tt0009760","The Venus Model","1918","Movie","Comedy, Romance","United States","Clarence G. Badger","N/A","N/A","2022/04/08"
"","tt0009761","Viagem Presidencial ao Norte","1918","Movie","N/A","Portugal","N/A","N/A","N/A","2022/04/08"
"","tt0009762","Victory and Peace","1918","Movie","War","United Kingdom","Herbert Brenon","N/A","N/A","2022/04/08"
"","tt0009763","Views of St. Croix","1918","Movie","Documentary, Short","United Kingdom","N/A","N/A","N/A","2022/04/08"
"","tt0009764","The Villain","1917","Movie","Short, Comedy","United States","Arvid E. Gillstrom","6.1","29","2022/04/08"
"","tt0009765","Virtuous Wives","1918","Movie","Drama","United States","George Loane Tucker","5.1","50","2022/04/08"
"","tt0009766","Vive la France!","1918","Movie","Drama, War","United States","Roy William Neill","5.8","24","2022/04/08"
"","tt0009767","Viviette","1918","Movie","Drama","USA","Walter Edwards","N/A","N/A","2022/04/08"
"","tt0009768","The Voice of Destiny","1918","Movie","Mystery","USA","William Bertram","N/A","N/A","2022/04/08"
"","tt0009769","Vor tids helte","1918","Movie","Drama","Norway","Peter Lykke-Seest","N/A","N/A","2022/04/08"
"","tt0009770","The Vortex","1918","Movie","Drama","USA","Gilbert P. Hamilton","N/A","N/A","2022/04/08"
"","tt0009771","The Merry Widow","1920","Movie","Musical","Hungary","Michael Curtiz","4.6","16","2022/04/08"
"","tt0009772","The Wages of Sin","1918","Movie","Drama, Romance","UK","Arrigo Bocchi","N/A","N/A","2022/04/08"
"","tt0009773","Waifs","1918","Movie","Comedy, Drama","USA","Albert Parker","N/A","N/A","2022/04/08"
"","tt0009774","The Wanderer and the Whoozitt","1918","Movie","Documentary, Short","USA","Robert C. Bruce","N/A","N/A","2022/04/08"
"","tt0009775","Wanted: A Brother","1918","Movie","Drama","N/A","Robert Ensminger","N/A","N/A","2022/04/08"
"","tt0009776","Wanted: A Mother","1918","Movie","Drama","UK, USA","Harley Knoles","N/A","N/A","2022/04/08"
"","tt0009777","Washington's Sky Patrol","1918","Movie","Documentary","USA","J. Thomas Baltzell","N/A","N/A","2022/04/08"
"","tt0009778","Watch Your Neighbor","1918","Movie","Comedy, Short","USA","Hampton Del Ruth, Victor Heerman","N/A","N/A","2022/04/08"
"","tt0009779","The Way Out","1918","Movie","Drama","USA","George Kelson","N/A","N/A","2022/04/08"
"","tt0009780","The Way of an Eagle","1918","Movie","War, Drama","UK","G.B. Samuelson","N/A","N/A","2022/04/08"
"","tt0009781","We Can't Have Everything","1918","Movie","Comedy, Drama","United States","Cecil B. DeMille","N/A","N/A","2022/04/08"
"","tt0009782","We Should Worry","1918","Movie","Comedy, Drama","USA","Kenean Buel","N/A","N/A","2022/04/08"
"","tt0009783","A Weaver of Dreams","1918","Movie","Drama","USA","John H. Collins","N/A","N/A","2022/04/08"
"","tt0009784","Wedlock","1918","Movie","Drama","United States","Wallace Worsley","N/A","N/A","2022/04/08"
"","tt0009785","A Wee Bit Odd","1918","Movie","Documentary, Short","N/A","N/A","N/A","N/A","2022/04/08"
"","tt0009786","","","","","","","","","2022/04/08"
"","tt0009787","Western Blood","1918","Movie","Western","United States","Lynn Reynolds","N/A","N/A","2022/04/08"
"","tt0009788","What the Ice Age Left","1918","Movie","Documentary, Short","USA","Robert C. Bruce","N/A","N/A","2022/04/08"
"","tt0009789","When Do We Eat?","1918","Movie","Comedy, Drama","USA","Fred Niblo","N/A","N/A","2022/04/08"
"","tt0009790","When Men Betray","1918","Movie","Drama","USA","Ivan Abramson","N/A","N/A","2022/04/08"
"","tt0009791","When a Man Rides Alone","1919","Movie","Western","United States","Henry King","N/A","N/A","2022/04/08"
"","tt0009792","When a Woman Sins","1918","Movie","Drama, Romance","United States","J. Gordon Edwards","N/A","N/A","2022/04/08"
"","tt0009793","Which Woman?","1918","Movie","Mystery","USA","Tod Browning, Harry A. Pollard","N/A","N/A","2022/04/08"
"","tt0009794","The Whims of Society","1918","Movie","Drama","USA","Travers Vale","N/A","N/A","2022/04/08"
"","tt0009795","The Whirlpool","1918","Movie","Crime, Drama","United States","Alan Crosland","N/A","N/A","2022/04/08"
"","tt0009796","The Whispering Chorus","1918","Movie","Drama","United States","Cecil B. DeMille","6.7","313","2022/04/08"
"","tt0009797","Whispering Wires of War","1918","Movie","Documentary, Short","USA","N/A","N/A","N/A","2022/04/08"
"","tt0009798","The White Man's Law","1918","Movie","Drama","United States","James Young","N/A","N/A","2022/04/08"
"","tt0009799","Who Is to Blame?","1918","Movie","Drama","USA","Frank Borzage","N/A","N/A","2022/04/08"
"","tt0009800","Who Shall Take My Life?","1917","Movie","Drama","United States","Colin Campbell","N/A","N/A","2022/04/08"
"","tt0009801","Who's Your Father?","1918","Movie","Short, Comedy, Western","United States","Tom Mix","6.4","13","2022/04/08"
"","tt0009802","Whose Little Wife Are You?","1918","Movie","Short, Comedy","USA","Edward F. Cline","N/A","N/A","2022/04/08"
"","tt0009803","Who's Zoo?","1918","Movie","Short, Comedy","USA","Craig Hutchinson","6.2","5","2022/04/08"
"","tt0009804","Why I Should Not Marry","1918","Movie","N/A","USA","Richard Stanton","N/A","N/A","2022/04/08"
"","tt0009805","Why I Would Not Marry","1918","Movie","Comedy, Drama","United States","Richard Stanton","N/A","N/A","2022/04/08"
"","tt0009806","Why Pick on Me?","1918","Movie","Comedy, Short","United States","N/A","6.3","82","2022/04/08"
"","tt0009807","The Wife He Bought","1918","Movie","Drama","United States","Harry Solter","N/A","N/A","2022/04/08"
"","tt0009808","Wife or Country","1918","Movie","Drama, War, Short","United States","E. Mason Hopper","N/A","N/A","2022/04/08"
"","tt0009809","Wild Bird Pets","1918","Movie","Documentary, Short","USA","N/A","N/A","N/A","2022/04/08"
"","tt0009810","The Wildcat of Paris","1918","Movie","Crime, Drama, War","United States","Joseph De Grasse","N/A","N/A","2022/04/08"
"","tt0009811","Wild Women","1918","Movie","Comedy, Western","United States","John Ford","4.4","45","2022/04/08"
"","tt0009812","Wild Women and Tame Lions","1918","Movie","Comedy, Short","USA","William Campbell","N/A","N/A","2022/04/08"
"","tt0009813","Wild Youth","1918","Movie","Drama","USA","George Melford","N/A","N/A","2022/04/08"
"","tt0009814","The Winding Trail","1918","Movie","Western","USA","John H. Collins","N/A","N/A","2022/04/08"
"","tt0009815","The Wine Girl","1918","Movie","Drama","USA","Stuart Paton","N/A","N/A","2022/04/08"
"","tt0009816","Winner Takes All","1918","Movie","Drama, Western","United States","Elmer Clifton","N/A","N/A","2022/04/08"
"","tt0009817","The Winning of Beatrice","1918","Movie","Comedy, Drama, Romance","United States","Harry L. Franklin","N/A","N/A","2022/04/08"
"","tt0009818","The Winning of the Mocking Bird","1918","Movie","Short, Adventure, Western","United States","Lewis A. Watts","N/A","N/A","2022/04/08"
"","tt0009819","Winter Scenes in Southern France","1918","Movie","Documentary","USA","N/A","N/A","N/A","2022/04/08"
"","tt0009820","The Witch Woman","1918","Movie","Drama","United States","Travers Vale","N/A","N/A","2022/04/08"
"","tt0009821","With Neatness and Dispatch","1918","Movie","Comedy, Crime","United States","Will S. Davis","N/A","N/A","2022/04/08"
"","tt0009822","Within the Cup","1918","Movie","Drama","USA","Raymond B. West","N/A","N/A","2022/04/08"
"","tt0009823","Wives and Other Wives","1918","Movie","Comedy, Drama","USA","Lloyd Ingraham","N/A","N/A","2022/04/08"
"","tt0009824","Wives of Men","1918","Movie","Drama","USA","John M. Stahl","N/A","N/A","2022/04/08"
"","tt0009825","Wolves of Kultur","1918","Movie","Action, Adventure","United States","Joseph A. Golden","6.0","38","2022/04/08"
"","tt0009826","Wolves of the Rail","1918","Movie","Western","United States","William S. Hart","N/A","N/A","2022/04/08"
"","tt0009827","Woman","1918","Movie","Drama, War","United States","Maurice Tourneur","5.5","22","2022/04/08"
"","tt0009828","The Woman Between Friends","1918","Movie","Drama","USA","Tom Terriss","N/A","N/A","2022/04/08"
"","tt0009829","The Woman Suffers","1918","Movie","Crime, Drama","Australia","Raymond Longford","5.5","27","2022/04/08"
"","tt0009830","The Woman Who Gave","1918","Movie","Drama, War","USA","Kenean Buel","N/A","N/A","2022/04/08"
"","tt0009831","Woman and Wife","1918","Movie","Drama, Romance","United States","Edward José","N/A","N/A","2022/04/08"
"","tt0009832","The Woman and the Law","1918","Movie","Drama","United States","Raoul Walsh","N/A","N/A","2022/04/08"
"","tt0009833","The Woman in the Web","1918","Movie","Action, Adventure, Drama","USA","Paul Hurst, David Smith","3.0","5","2022/04/08"
"","tt0009834","A Woman of Impulse","1918","Movie","Drama","USA","Edward José","N/A","N/A","2022/04/08"
"","tt0009835","#DUPE#","1918","Movie","N/A","N/A","N/A","N/A","N/A","2022/04/08"
"","tt0009836","A Woman's Experience","1918","Movie","Drama","United States","Perry N. Vekroff","N/A","N/A","2022/04/08"
"","tt0009837","A Woman's Fool","1918","Movie","Comedy, Western","USA","John Ford","3.7","20","2022/04/08"
"","tt0009838","Women's Weapons","1918","Movie","Comedy, Drama","USA","Robert G. Vignola","N/A","N/A","2022/04/08"
"","tt0009839","The Wooing of Princess Pat","1918","Movie","Fantasy","United States","William P.S. Earle","N/A","N/A","2022/04/08"
"","tt0009840","The World for Sale","1918","Movie","Drama","United States","J. Stuart Blackton","N/A","N/A","2022/04/08"
"","tt0009841","The Yellow Dog","1918","Movie","Drama","USA","Colin Campbell","N/A","N/A","2022/04/08"
"","tt0009842","The Yellow Ticket","1918","Movie","Drama","United States","William Parke","6.6","20","2022/04/08"
"","tt0009843","You Can't Believe Everything","1918","Movie","Drama","United States","Jack Conway","N/A","13","2022/04/08"
"","tt0009844","#DUPE#","1918","Movie","N/A","N/A","N/A","N/A","N/A","2022/04/08"
"","tt0009845","Young America","1918","Movie","Drama","United States","Arthur Berthelet","N/A","N/A","2022/04/08"
"","tt0009846","A Youthful Affair","1918","Movie","Comedy, Short","USA","Sidney Drew","N/A","N/A","2022/04/08"
"","tt0009847","The Zeppelin's Last Raid","1917","Movie","Drama","USA","Irvin Willat","N/A","N/A","2022/04/08"
"","tt0009848","The Zero Hour","1918","Movie","Drama","USA","Travers Vale","N/A","N/A","2022/04/08"
"","tt0009849","Zongar","1918","Movie","Drama","USA","Bernarr Macfadden","N/A","N/A","2022/04/08"
"","tt0009850","A Zuni Kicking Race","1918","Movie","Documentary, Short","USA","C.L. Chester","N/A","N/A","2022/04/08"
"","tt0009851","Masked Ball","1918","Movie","N/A","Hungary","Alfréd Deésy","N/A","N/A","2022/04/08"
"","tt0009852","Az élet királya","1918","Movie","Drama","Hungary","Alfréd Deésy","N/A","N/A","2022/04/08"
"","tt0009853","The Devil","1918","Movie","Drama","Hungary","Michael Curtiz","5.7","22","2022/04/08"
"","tt0009854","12.10","1919","Movie","Mystery, Thriller, Crime","United Kingdom","Herbert Brenon","5.3","6","2022/04/08"
"","tt0009855","23 1/2 Hours' Leave","1919","Movie","Comedy","United States","Henry King","5.4","5","2022/04/08"
"","tt0009856","500 Miles on a Gallon of Gas","1919","Movie","Animation, Comedy, Short","United States","Bud Fisher","7.2","12","2022/04/08"
"","tt0009857","A 111-es","1920","Movie","Drama, Romance, Thriller","Hungary","Alexander Korda","3.7","18","2022/04/08"
"","tt0009858","The A.B.C. of Love","1919","Movie","Drama","United States","Léonce Perret","6.6","37","2022/04/08"
"","tt0009859","Ace of the Saddle","1919","Movie","Western","United States","John Ford","4.7","63","2022/04/08"
"","tt0009860","Adele","1919","Movie","Drama","United States","Wallace Worsley","N/A","N/A","2022/04/08"
"","tt0009861","An Adventure in Hearts","1919","Movie","Adventure","United States","James Cruze","1.9","17","2022/04/08"
"","tt0009862","The Adventures of Ruth","1919","Movie","Action","United States","George Marshall, Ruth Roland","3.6","7","2022/04/08"
"","tt0009863","After the War","1918","Movie","Drama","United States","Joseph De Grasse","N/A","N/A","2022/04/08"
"","tt0009864","Alias Mike Moran","1919","Movie","N/A","United States","James Cruze","N/A","N/A","2022/04/08"
"","tt0009865","All That Glitters Is Not Goldfish","1919","Movie","Animation, Comedy, Short","USA","Bud Fisher","N/A","N/A","2022/04/08"
"","tt0009866","All Wrong","1919","Movie","Comedy","United States","Raymond B. West, William Worthington","N/A","N/A","2022/04/08"
"","tt0009867","Almost Married","1919","Movie","Comedy, Drama, Romance","USA","Charles Swickard","N/A","N/A","2022/04/08"
"","tt0009868","Almost a Husband","1919","Movie","Comedy","United States","Clarence G. Badger","N/A","N/A","2022/04/08"
"","tt0009869","The Amateur Adventuress","1919","Movie","Comedy","USA","Henry Otto","N/A","N/A","2022/04/08"
"","tt0009870","The Amateur Liar","1919","Movie","Comedy","USA","Mrs. Sidney Drew, Sidney Drew","N/A","N/A","2022/04/08"
"","tt0009871","An Amateur Widow","1919","Movie","Comedy","USA","Oscar Apfel","N/A","N/A","2022/04/08"
"","tt0009872","The Amazing Impostor","1919","Movie","Comedy","United States","Lloyd Ingraham","N/A","N/A","2022/04/08"
"","tt0009873","The Amazing Wife","1919","Movie","Drama","United States","Ida May Park","N/A","N/A","2022/04/08"
"","tt0009874","Ambrose's Day Off","1919","Movie","Comedy, Short","USA","Walter S. Fredericks","N/A","N/A","2022/04/08"
"","tt0009875","The American Way","1919","Movie","Comedy, Drama","United States","Frank Reicher","N/A","N/A","2022/04/08"
"","tt0009876","Analysis of Motion","1919","Movie","Documentary","USA","N/A","N/A","N/A","2022/04/08"
"","tt0009877","And a Still Small Voice","1918","Movie","Drama","USA","Bertram Bracken","N/A","N/A","2022/04/08"
"","tt0009878","Different from the Others","1919","Movie","Crime, Drama, History","Germany","Richard Oswald","7.0","1283","2022/04/08"
"","tt0009879","Anne of Green Gables","1919","Movie","Comedy, Drama","United States","William Desmond Taylor","7.2","76","2022/04/08"
"","tt0009880","Another Man's Wife","1919","Movie","Animation, Comedy, Short","USA","Bud Fisher","N/A","N/A","2022/04/08"
"","tt0009881","L'apache","1919","Movie","Drama","USA","Joseph De Grasse","N/A","N/A","2022/04/08"
"","tt0009882","The Call of the Blood","1921","Movie","N/A","France","Louis Mercanton","N/A","N/A","2022/04/08"
"","tt0009883","Los arlequines de seda y oro","1919","Movie","N/A","Spain","Ricardo de Baños","N/A","N/A","2022/04/08"
"","tt0009884","Arme Thea","1919","Movie","N/A","Germany","Carl Froelich","N/A","N/A","2022/04/08"
"","tt0009885","As a Man Thinks","1919","Movie","Drama","USA","George Irving","N/A","N/A","2022/04/08"
"","tt0009886","As the Sun Went Down","1919","Movie","Western","United States","E. Mason Hopper","N/A","N/A","2022/04/08"
"","tt0009887","Ask Father","1919","Movie","Comedy, Short","United States","Hal Roach","6.9","1097","2022/04/08"
"","tt0009888","At the Old Stage Door","1919","Movie","Comedy, Short","United States","Hal Roach","N/A","N/A","2022/04/08"
"","tt0009889","At the Point of a Gun","1919","Movie","Western","USA","Edward A. Kull","N/A","N/A","2022/04/08"
"","tt0009890","L'atleta fantasma","1919","Movie","Adventure","Italy","Raimondo Scotti","4.9","17","2022/04/08"
"","tt0009891","Atonement","1919","Movie","Drama, Romance","United States","William Humphrey","N/A","N/A","2022/04/08"
"","tt0009892","Auction of Souls","1919","Movie","Drama, History, Romance","United States","Oscar Apfel","5.8","1145","2022/04/08"
"","tt0009893","The Oyster Princess","1919","Movie","Comedy","Germany","Ernst Lubitsch","7.2","1917","2022/04/08"
"","tt0009894","The Grey Automobile","1919","Movie","Action, Crime","Mexico","Enrique Rosas","7.1","206","2022/04/08"
"","tt0009895","The Avalanche","1919","Movie","Drama, Mystery","USA","George Fitzmaurice","N/A","N/A","2022/04/08"
"","tt0009896","Ave Caesar!","1919","Movie","Drama","Hungary","Alexander Korda","N/A","N/A","2022/04/08"
"","tt0009897","A Bachelor Husband","1920","Movie","Romance","United Kingdom","Kenelm Foss","N/A","N/A","2022/04/08"
"","tt0009898","A Bachelor's Wife","1919","Movie","Comedy","USA","Emmett J. Flynn","N/A","N/A","2022/04/08"
"","tt0009899","Back Stage","1919","Movie","Short, Comedy","United States","Roscoe 'Fatty' Arbuckle","6.6","1221","2022/04/08"
"","tt0009900","Back to God's Country","1919","Movie","Adventure, Romance, Western","Canada","David Hartford","6.3","918","2022/04/08"
"","tt0009901","Ballahooing on the Anarika","1919","Movie","Documentary, Short","USA","C.L. Chester","N/A","N/A","2022/04/08"
"","tt0009902","The Bandbox","1919","Movie","Mystery","USA","Roy William Neill","N/A","N/A","2022/04/08"
"","tt0009903","Bare Fists","1919","Movie","Western","United States","John Ford","4.1","55","2022/04/08"
"","tt0009904","Bare-Fisted Gallagher","1919","Movie","Western","USA","Joseph Franz","N/A","N/A","2022/04/08"
"","tt0009905","Barrabas","1919","Movie","Crime, Thriller","France","Louis Feuillade","7.3","86","2022/04/08"
"","tt0009906","Baseball: An Analysis of Motion","1919","Movie","Documentary, Sport","USA","N/A","N/A","N/A","2022/04/08"
"","tt0009907","The Battler","1919","Movie","Drama","United States","Frank Reicher","N/A","N/A","2022/04/08"
"","tt0009908","Be My Wife","1919","Movie","Comedy, Short","United States","Hal Roach","N/A","N/A","2022/04/08"
"","tt0009909","Be a Little Sport","1919","Movie","Comedy","USA","Scott R. Dunlap","N/A","N/A","2022/04/08"
"","tt0009910","The Bear Hunt","1919","Movie","Documentary, Short","USA","N/A","N/A","N/A","2022/04/08"
"","tt0009911","The Bearded Lady","1919","Movie","Animation, Comedy, Short","N/A","Bud Fisher","N/A","N/A","2022/04/08"
"","tt0009912","The Beauty Market","1919","Movie","Drama, Romance","USA","Colin Campbell","N/A","N/A","2022/04/08"
"","tt0009913","Before Breakfast","1919","Movie","Comedy, Short","USA","Hal Roach","N/A","N/A","2022/04/08"
"","tt0009914","Before Breakfast","1919","Movie","Documentary, Short","USA","Robert C. Bruce","N/A","N/A","2022/04/08"
"","tt0009915","Behind the Door","1919","Movie","Drama, Thriller, War","United States","Irvin Willat","7.3","290","2022/04/08"
"","tt0009916","Die beiden Gatten der Frau Ruth","1919","Movie","N/A","Germany","Rudolf Biebrach","6.2","10","2022/04/08"
"","tt0009917","La belle Russe","1919","Movie","Romance","United States","Charles Brabin","5.0","5","2022/04/08"
"","tt0009918","The Belle of New York","1919","Movie","Drama","United States","Julius Steger","7.8","60","2022/04/08"
"","tt0009919","The Pleasant Devil","1919","Movie","Comedy","United States","Christy Cabanne, Louis J. Gasnier","N/A","N/A","2022/04/08"
"","tt0009920","Beresford and the Baboons","1919","Movie","Comedy, Short","USA","James Montgomery Flagg, Saul Harrison","N/A","N/A","2022/04/08"
"","tt0009921","The Best Bad Man","1919","Movie","Western","USA","Edward A. Kull","N/A","N/A","2022/04/08"
"","tt0009922","The Best Man","1919","Movie","Comedy, Adventure","United States","Thomas N. Heffron","5.0","15","2022/04/08"
"","tt0009923","Carry On","1919","Movie","Comedy, War","UK","George Pearson","N/A","N/A","2022/04/08"
"","tt0009924","Better Times","1919","Movie","Drama","United States","King Vidor","N/A","N/A","2022/04/08"
"","tt0009925","The Better Wife","1919","Movie","Drama","United States","William P.S. Earle","N/A","N/A","2022/04/08"
"","tt0009926","Bettler GmbH","1919","Movie","N/A","Germany","Alwin Neuß","N/A","N/A","2022/04/08"
"","tt0009927","Between the Acts","1919","Movie","Short, Comedy","United States","Larry Semon","5.3","21","2022/04/08"
"","tt0009928","Beware!","1919","Movie","War","United States","William Nigh","N/A","N/A","2022/04/08"
"","tt0009929","Big Little Person","1919","Movie","Drama","United States","Robert Z. Leonard","N/A","N/A","2022/04/08"
"","tt0009930","Bill Apperson's Boy","1919","Movie","Drama","USA","James Kirkwood","N/A","N/A","2022/04/08"
"","tt0009931","Bill Henry","1919","Movie","Comedy","United States","Jerome Storm","N/A","N/A","2022/04/08"
"","tt0009932","Billy Blazes, Esq.","1919","Movie","Short, Comedy, Western","United States","Hal Roach","6.1","820","2022/04/08"
"","tt0009933","Bird Island","1919","Movie","Documentary, Short","USA","N/A","N/A","N/A","2022/04/08"
"","tt0009934","The Black Circle","1919","Movie","Drama","United States","Frank Reicher","N/A","N/A","2022/04/08"
"","tt0009935","The Black Horde","1919","Movie","N/A","Russia","Yakov Protazanov","N/A","N/A","2022/04/08"
"","tt0009936","The Black Secret","1919","Movie","Adventure, Action","United States","George B. Seitz","N/A","27","2022/04/08"
"","tt0009937","Blind Husbands","1919","Movie","Drama, Romance","United States","Erich von Stroheim","7.0","1523","2022/04/08"
"","tt0009938","The Blinding Trail","1919","Movie","Drama","United States","Paul Powell","N/A","N/A","2022/04/08"
"","tt0009939","The Blue Bandanna","1919","Movie","N/A","USA","Joseph Franz","N/A","N/A","2022/04/08"
"","tt0009940","The Blue Bonnet","1919","Movie","Drama","United States","Louis Chaudet","N/A","N/A","2022/04/08"
"","tt0009941","The Bluffer","1919","Movie","Drama","USA","Travers Vale","N/A","N/A","2022/04/08"
"","tt0009942","Bobby Bumps Eel-lectric Launch","1919","Movie","Animation, Comedy, Short","USA","Earl Hurd","N/A","N/A","2022/04/08"
"","tt0009943","Bobby Bumps Throwing the Bull","1919","Movie","Animation, Comedy, Short","USA","Earl Hurd","N/A","N/A","2022/04/08"
"","tt0009944","Bobby Bumps and the Hypnotic Eye","1919","Movie","Animation, Comedy, Short","United States","Earl Hurd","N/A","21","2022/04/08"
"","tt0009945","Bobby Bumps and the Sand Lizard","1919","Movie","Animation, Comedy, Short","USA","Earl Hurd","N/A","N/A","2022/04/08"
"","tt0009946","Bobby Bumps' Last Smoke","1919","Movie","Animation, Comedy, Short","United States","Earl Hurd","6.4","53","2022/04/08"
"","tt0009947","Bobby Bumps' Lucky Day","1919","Movie","Animation, Comedy, Short","USA","Earl Hurd","N/A","N/A","2022/04/08"
"","tt0009948","Bobby Bumps' Night Out with Some Night Owls","1919","Movie","Animation, Comedy, Short","N/A","Earl Hurd","N/A","N/A","2022/04/08"
"","tt0009949","Bobby Bumps' Pup Gets the Flea-enza","1919","Movie","Animation, Comedy, Short","United States","Earl Hurd","5.9","46","2022/04/08"
"","tt0009950","Bolshevism on Trial","1919","Movie","Drama","United States","Harley Knoles","5.2","53","2022/04/08"
"","tt0009951","The Bondage of Barbara","1919","Movie","Drama","N/A","Emmett J. Flynn","N/A","N/A","2022/04/08"
"","tt0009952","Bonds of Love","1919","Movie","Drama, Romance","United States","Reginald Barker","N/A","N/A","2022/04/08"
"","tt0009953","The Boomerang","1919","Movie","Drama","USA","Bertram Bracken","N/A","N/A","2022/04/08"
"","tt0009954","Boots","1919","Movie","Comedy","United States","Elmer Clifton","N/A","N/A","2022/04/08"
"","tt0009955","El botón de fuego","1919","Movie","N/A","Spain","José María Codina, Juan María Codina, Juan Solá Mestres","N/A","N/A","2022/04/08"
"","tt0009956","Bound and Gagged","1919","Movie","Action, Adventure, Comedy","United States","George B. Seitz","N/A","N/A","2022/04/08"
"","tt0009957","Bound in Spaghetti","1919","Movie","Animation, Comedy, Short","USA","Bud Fisher","N/A","N/A","2022/04/08"
"","tt0009958","Boxing: An Analysis of Motion","1919","Movie","Documentary, Sport","USA","N/A","N/A","N/A","2022/04/08"
"","tt0009959","The Bramble Bush","1919","Movie","Drama","USA","Tom Terriss","N/A","N/A","2022/04/08"
"","tt0009960","The Brand","1919","Movie","Adventure","United States","Reginald Barker","6.9","19","2022/04/08"
"","tt0009961","Brass Buttons","1919","Movie","Comedy, Western","United States","Henry King","N/A","N/A","2022/04/08"
"","tt0009962","The Brat","1919","Movie","Drama","USA","Herbert Blaché","N/A","N/A","2022/04/08"
"","tt0009963","The Brazen Beauty","1918","Movie","Comedy","United States","Tod Browning","N/A","N/A","2022/04/08"
"","tt0009964","Breed of Men","1919","Movie","Western","United States","Lambert Hillyer","N/A","N/A","2022/04/08"
"","tt0009965","Breezy Jim","1919","Movie","Western","USA","Lorimer Johnston","N/A","N/A","2022/04/08"
"","tt0009966","Bringing Up Betty","1919","Movie","Comedy, Drama","USA","Oscar Apfel","N/A","N/A","2022/04/08"
"","tt0009967","A Broadway Saint","1919","Movie","Comedy","United States","Harry O. Hoyt","N/A","N/A","2022/04/08"
"","tt0009968","Broken Blossoms","1919","Movie","Drama, Romance","United States","D.W. Griffith","7.3","10166","2022/04/08"
"","tt0009969","The Broken Butterfly","1919","Movie","Drama","United States","Maurice Tourneur","6.4","150","2022/04/08"
"","tt0009970","The Broken Commandments","1919","Movie","Drama","USA","Frank Beal","N/A","N/A","2022/04/08"
"","tt0009971","Brother Bill","1919","Movie","Drama, Short, Western","United States","Leon De La Mothe","N/A","N/A","2022/04/08"
"","tt0009972","The Brute Breaker","1919","Movie","Action, Adventure, Drama","United States","Lynn Reynolds","6.0","19","2022/04/08"
"","tt0009973","Bumping Into Broadway","1919","Movie","Comedy, Short","United States","Hal Roach","6.9","1212","2022/04/08"
"","tt0009974","Bunkered","1919","Movie","Comedy, Short","USA","Mrs. Sidney Drew","N/A","N/A","2022/04/08"
"","tt0009975","Burglar by Proxy","1919","Movie","Comedy","United States","John Francis Dillon","5.7","19","2022/04/08"
"","tt0009976","The Busher","1919","Movie","Drama, Sport","United States","Jerome Storm","5.8","709","2022/04/08"
"","tt0009977","By Indian Post","1919","Movie","Short, Western","United States","John Ford","5.5","158","2022/04/08"
"","tt0009978","By Right of Birth","1921","Movie","Short, Drama","United States","Harry A. Gant","4.7","81","2022/04/08"
"","tt0009979","Caleb Piper's Girl","1919","Movie","Comedy, Drama","N/A","Ernest Traxler","N/A","N/A","2022/04/08"
"","tt0009980","The Call of the Soul","1919","Movie","Drama","USA","Edward LeSaint","N/A","N/A","2022/04/08"
"","tt0009981","The Cambric Mask","1919","Movie","Drama","USA","Tom Terriss","N/A","N/A","2022/04/08"
"","tt0009982","Cameraing Through Africa","1919","Movie","Documentary, Short","United States","C.L. Chester","N/A","N/A","2022/04/08"
"","tt0009983","Cameraing Through Africa","1919","Movie","Documentary, Short","USA","C.L. Chester","N/A","N/A","2022/04/08"
"","tt0009984","Canoe and Campfire","1919","Movie","Documentary, Short","N/A","N/A","N/A","N/A","2022/04/08"
"","tt0009985","The Capitol","1919","Movie","Drama","United States","George Irving","N/A","N/A","2022/04/08"
"","tt0009986","Captain Kidd's Kids","1919","Movie","Comedy, Short","United States","Hal Roach","6.5","412","2022/04/08"
"","tt0009987","Captain Kidd, Jr.","1919","Movie","Comedy","United States","William Desmond Taylor","6.6","16","2022/04/08"
"","tt0009988","The Career of Katherine Bush","1919","Movie","Drama","USA","Roy William Neill","N/A","N/A","2022/04/08"
"","tt0009989","Een Carmen van het Noorden","1919","Movie","Drama, Romance","Netherlands","Maurits Binger, Hans Nesna","6.7","23","2022/04/08"
"","tt0009990","Carolyn of the Corners","1919","Movie","Drama","USA","Robert Thornby","N/A","N/A","2022/04/08"
"","tt0009991","The Carter Case","1919","Movie","Action, Adventure, Crime","United States","William F. Haddock, Donald MacKenzie","6.1","21","2022/04/08"
"","tt0009992","Castles in the Air","1919","Movie","Comedy, Romance","USA","George D. Baker","N/A","N/A","2022/04/08"
"","tt0009993","Catalonian Pyrenees","1919","Movie","Documentary","USA","N/A","N/A","N/A","2022/04/08"
"","tt0009994","The Cave Man's Bride","1919","Movie","Animation, Comedy, Short","USA","Bud Fisher","N/A","N/A","2022/04/08"
"","tt0009995","Caves and Coquettes","1919","Movie","Short, Comedy","USA","Gilbert Pratt","N/A","N/A","2022/04/08"
"","tt0009996","The Centaurs","1921","Movie","Animation, Short, Fantasy","United States","Winsor McCay","5.9","428","2022/04/08"
"","tt0009997","The Challenge of Chance","1919","Movie","Western","USA","Harry Revier","N/A","N/A","2022/04/08"
"","tt0009998","The Chambermaid's Revenge","1919","Movie","Animation, Comedy, Short","USA","Bud Fisher","N/A","N/A","2022/04/08"
"","tt0009999","Chasing Rainbows","1919","Movie","Drama, Western","N/A","Frank Beal","N/A","N/A","2022/04/08"
"","tt0010000","Cheating Cheaters","1919","Movie","Comedy","United States","Allan Dwan","N/A","N/A","2022/04/08"
